resp_id,submitted_date,question_no,question_type,question,answer,answer_duration_sec
R01,2026-07-19,1,객관식,귀하의 국적은 어디인가요?,일본,2
R01,2026-07-19,2,객관식,귀하의 성별은 무엇인가요?,여성,2
R01,2026-07-19,3,객관식,귀하의 연령대는 어떻게 되시나요?,20대,2
R01,2026-07-19,4,객관식,"한국 블로그나 유튜브에서 식당, 카페, 뷰티 제품 정보를 찾을 때, 해당 리뷰나 추천이 얼마나 신뢰할 수 있다고 생각하시나요?",어느 정도 신뢰한다,8
R01,2026-07-19,5,객관식,한국 블로그나 유튜브의 콘텐츠 중에서 광고인지 솔직한 리뷰인지 구분하기가 얼마나 어렵나요?,어느 정도 구분된다,5
R01,2026-07-19,6,객관식,다음 중 한국 생활 중 이용하려다 어려움을 겪은 앱·서비스는 무엇인가요? (해당하는 것 모두 선택),"쇼핑앱 (쿠팡, 네이버 쇼핑 등)",10
R01,2026-07-19,7,객관식,생활앱 이용 시 가장 큰 장벽은 무엇이었나요?,"본인인증(공인인증서, 생체인증 등) 불가",16
R01,2026-07-19,8,객관식,자신과 같은 국가 출신 사람들이 남긴 리뷰와 추천이 있다면 도움이 될 것 같으신가요?,매우 도움이 될 것 같다,9
R01,2026-07-19,9,객관식,"K-뷰티 제품을 선택할 때, 당신의 피부타입(건성, 지성, 복합성 등)과 비슷한 외국인의 리뷰와 추천이 있다면 얼마나 유용할까요?",어느 정도 유용할 것 같다,7
R01,2026-07-19,10,객관식,"한국의 K-BBQ, 카페, 쇼핑, 관광지 등을 추천받을 때, 외국인의 시각에서 작성한 리뷰나 추천을 원하시나요?",어느 정도 원한다,4
R01,2026-07-19,11,객관식,다음 중 가장 추천 정보가 필요한 카테고리는 무엇인가요?,"카페 (커피숍, 디저트 카페)",12
R01,2026-07-19,12,객관식,GLOU의 다음 기능 중 가장 유용할 것 같은 기능은 무엇인가요? (1순위),"국적별 신뢰 리뷰 지도 (같은 나라 사람들의 리뷰로 맛집, 카페, 뷰티숍 찾기)",4
R01,2026-07-19,13,객관식,위 기능들 중 2번째로 유용할 것 같은 기능은 무엇인가요?,K-Beauty 피부타입 추천 (본인의 피부타입에 맞는 K-뷰티 제품 추천),9
R01,2026-07-19,14,객관식,"GLOU에서 개인화된 AI 추천, 광고 없는 서비스 등 프리미엄 기능을 이용한다면, 월 구독료로 얼마까지 지불할 의향이 있으신가요?",무료로만 사용하고 싶다,7
R01,2026-07-19,15,객관식,GLOU에서 지역 앰배서더 또는 리뷰어로 활동하며 현지 정보를 공유할 의향이 있으신가요?,매우 참여하고 싶다,5
R01,2026-07-19,16,객관식,앰배서더·리뷰어 활동 시 어떤 인센티브를 가장 선호하시나요?,"경험 이벤트 초대 (신제품 런칭, 투어 등)",11
R01,2026-07-19,17,객관식,당신은 현재 한국에 얼마나 오래 체류하고 계신가요?,1개월 - 3개월,11
R01,2026-07-19,18,객관식,한국에 체류하는 주된 목적은 무엇인가요?,유학,3
R01,2026-07-19,19,객관식,한국어 수준은 어느 정도 되시나요?,"초급 수준 (기본 문장 이해, 간단한 대화)",5
R01,2026-07-19,20,객관식,GLOU 베타 서비스에 참여하실 의향이 있으신가요?,매우 참여하고 싶다,12
R01,2026-07-19,21,주관식,"한국 생활 중 가장 어려웠던 점이나 필요했던 정보가 무엇인가요? 언제, 어떤 상황에서 겪었는지 구체적인 경험을 이야기해 주시고, 그때 어떻게 해결했는지도 함께 말씀해 주세요.",外国人登録や住所変更が大変でした。その時は地味に聞きました。,397
R01,2026-07-19,22,주관식,GLOU에서 개선되었으면 하는 기능이나 콘텐츠가 있다면 자유롭게 제안해 주세요. 왜 그 기능이 필요하다고 느꼈는지 본인의 경험과 함께 말씀해 주세요.,ないです,881
R01,2026-07-19,23,주관식,"베타 서비스 안내를 받고 싶다면 인스타그램 계정 또는 이메일을 남겨주세요. (선택사항이며, 베타 서비스 안내 목적으로만 사용됩니다.)",大丈夫です,20
R01,2026-07-19,24,주관식,귀하의 국적은 어디인가요?,日本です,7
R01,2026-07-19,25,주관식,기타 하고 싶은 말씀이 있으시면 작성해주세요.,ないです,6
R02,2026-07-19,1,객관식,귀하의 국적은 어디인가요?,그 외 국가,3
R02,2026-07-19,2,객관식,귀하의 성별은 무엇인가요?,여성,5
R02,2026-07-19,3,객관식,귀하의 연령대는 어떻게 되시나요?,20대,2
R02,2026-07-19,4,객관식,"한국 블로그나 유튜브에서 식당, 카페, 뷰티 제품 정보를 찾을 때, 해당 리뷰나 추천이 얼마나 신뢰할 수 있다고 생각하시나요?",어느 정도 신뢰한다,8
R02,2026-07-19,5,객관식,한국 블로그나 유튜브의 콘텐츠 중에서 광고인지 솔직한 리뷰인지 구분하기가 얼마나 어렵나요?,어느 정도 구분된다,10
R02,2026-07-19,6,객관식,다음 중 한국 생활 중 이용하려다 어려움을 겪은 앱·서비스는 무엇인가요? (해당하는 것 모두 선택),"은행앱 (계좌 개설, 송금 등)",17
R02,2026-07-19,6,객관식,다음 중 한국 생활 중 이용하려다 어려움을 겪은 앱·서비스는 무엇인가요? (해당하는 것 모두 선택),"예약앱 (병원, 식당, 숙소 예약 등)",0
R02,2026-07-19,6,객관식,다음 중 한국 생활 중 이용하려다 어려움을 겪은 앱·서비스는 무엇인가요? (해당하는 것 모두 선택),"공공 서비스 앱 (행정, 세금 등)",0
R02,2026-07-19,7,객관식,생활앱 이용 시 가장 큰 장벽은 무엇이었나요?,여러 장벽이 복합적으로 작용했다,28
R02,2026-07-19,8,객관식,자신과 같은 국가 출신 사람들이 남긴 리뷰와 추천이 있다면 도움이 될 것 같으신가요?,매우 도움이 될 것 같다,16
R02,2026-07-19,9,객관식,"K-뷰티 제품을 선택할 때, 당신의 피부타입(건성, 지성, 복합성 등)과 비슷한 외국인의 리뷰와 추천이 있다면 얼마나 유용할까요?",매우 유용할 것 같다,10
R02,2026-07-19,10,객관식,"한국의 K-BBQ, 카페, 쇼핑, 관광지 등을 추천받을 때, 외국인의 시각에서 작성한 리뷰나 추천을 원하시나요?",어느 정도 원한다,9
R02,2026-07-19,11,객관식,다음 중 가장 추천 정보가 필요한 카테고리는 무엇인가요?,"한식당 (한우, 삼겹살, 찌개 등)",6
R02,2026-07-19,12,객관식,GLOU의 다음 기능 중 가장 유용할 것 같은 기능은 무엇인가요? (1순위),Ask GLOU AI (AI 챗봇으로 한국 생활 정보 및 추천 받기),36
R02,2026-07-19,13,객관식,위 기능들 중 2번째로 유용할 것 같은 기능은 무엇인가요?,GLOU Mate 동행 매칭 (비슷한 관심사의 외국인과 함께 한국 경험 공유),17
R02,2026-07-19,14,객관식,"GLOU에서 개인화된 AI 추천, 광고 없는 서비스 등 프리미엄 기능을 이용한다면, 월 구독료로 얼마까지 지불할 의향이 있으신가요?","월 3,000원 - 5,000원",11
R02,2026-07-19,15,객관식,GLOU에서 지역 앰배서더 또는 리뷰어로 활동하며 현지 정보를 공유할 의향이 있으신가요?,어느 정도 참여할 의향이 있다,13
R02,2026-07-19,16,객관식,앰배서더·리뷰어 활동 시 어떤 인센티브를 가장 선호하시나요?,현금 보상,19
R02,2026-07-19,17,객관식,당신은 현재 한국에 얼마나 오래 체류하고 계신가요?,3개월 - 6개월,4
R02,2026-07-19,18,객관식,한국에 체류하는 주된 목적은 무엇인가요?,유학,5
R02,2026-07-19,19,객관식,한국어 수준은 어느 정도 되시나요?,"초급 수준 (기본 문장 이해, 간단한 대화)",10
R02,2026-07-19,20,객관식,GLOU 베타 서비스에 참여하실 의향이 있으신가요?,어느 정도 참여할 의향이 있다,10
R02,2026-07-19,21,주관식,"한국 생활 중 가장 어려웠던 점이나 필요했던 정보가 무엇인가요? 언제, 어떤 상황에서 겪었는지 구체적인 경험을 이야기해 주시고, 그때 어떻게 해결했는지도 함께 말씀해 주세요.",For me the most difficult was getting my ARC,168
R02,2026-07-19,22,주관식,GLOU에서 개선되었으면 하는 기능이나 콘텐츠가 있다면 자유롭게 제안해 주세요. 왜 그 기능이 필요하다고 느꼈는지 본인의 경험과 함께 말씀해 주세요.,Maybe map with the best places in Korea and real reviews from people,67
R02,2026-07-19,23,주관식,"베타 서비스 안내를 받고 싶다면 인스타그램 계정 또는 이메일을 남겨주세요. (선택사항이며, 베타 서비스 안내 목적으로만 사용됩니다.)",No thank you,49
R02,2026-07-19,24,주관식,귀하의 국적은 어디인가요?,Russia,8
R02,2026-07-19,25,주관식,기타 하고 싶은 말씀이 있으시면 작성해주세요.,It was an interesting survey,10
R03,2026-07-19,1,객관식,귀하의 국적은 어디인가요?,일본,2
R03,2026-07-19,2,객관식,귀하의 성별은 무엇인가요?,여성,2
R03,2026-07-19,3,객관식,귀하의 연령대는 어떻게 되시나요?,20대,1
R03,2026-07-19,4,객관식,"한국 블로그나 유튜브에서 식당, 카페, 뷰티 제품 정보를 찾을 때, 해당 리뷰나 추천이 얼마나 신뢰할 수 있다고 생각하시나요?",어느 정도 신뢰한다,15
R03,2026-07-19,5,객관식,한국 블로그나 유튜브의 콘텐츠 중에서 광고인지 솔직한 리뷰인지 구분하기가 얼마나 어렵나요?,어느 정도 구분된다,12
R03,2026-07-19,6,객관식,다음 중 한국 생활 중 이용하려다 어려움을 겪은 앱·서비스는 무엇인가요? (해당하는 것 모두 선택),"쇼핑앱 (쿠팡, 네이버 쇼핑 등)",18
R03,2026-07-19,7,객관식,생활앱 이용 시 가장 큰 장벽은 무엇이었나요?,"본인인증(공인인증서, 생체인증 등) 불가",7
R03,2026-07-19,8,객관식,자신과 같은 국가 출신 사람들이 남긴 리뷰와 추천이 있다면 도움이 될 것 같으신가요?,매우 도움이 될 것 같다,13
R03,2026-07-19,9,객관식,"K-뷰티 제품을 선택할 때, 당신의 피부타입(건성, 지성, 복합성 등)과 비슷한 외국인의 리뷰와 추천이 있다면 얼마나 유용할까요?",매우 유용할 것 같다,13
R03,2026-07-19,10,객관식,"한국의 K-BBQ, 카페, 쇼핑, 관광지 등을 추천받을 때, 외국인의 시각에서 작성한 리뷰나 추천을 원하시나요?",별로 원하지 않는다,10
R03,2026-07-19,11,객관식,다음 중 가장 추천 정보가 필요한 카테고리는 무엇인가요?,"한식당 (한우, 삼겹살, 찌개 등)",21
R03,2026-07-19,12,객관식,GLOU의 다음 기능 중 가장 유용할 것 같은 기능은 무엇인가요? (1순위),"국적별 신뢰 리뷰 지도 (같은 나라 사람들의 리뷰로 맛집, 카페, 뷰티숍 찾기)",28
R03,2026-07-19,13,객관식,위 기능들 중 2번째로 유용할 것 같은 기능은 무엇인가요?,Ask GLOU AI (AI 챗봇으로 한국 생활 정보 및 추천 받기),36
R03,2026-07-19,14,객관식,"GLOU에서 개인화된 AI 추천, 광고 없는 서비스 등 프리미엄 기능을 이용한다면, 월 구독료로 얼마까지 지불할 의향이 있으신가요?",무료로만 사용하고 싶다,12
R03,2026-07-19,15,객관식,GLOU에서 지역 앰배서더 또는 리뷰어로 활동하며 현지 정보를 공유할 의향이 있으신가요?,별로 참여하고 싶지 않다,17
R03,2026-07-19,16,객관식,앰배서더·리뷰어 활동 시 어떤 인센티브를 가장 선호하시나요?,현금 보상,15
R03,2026-07-19,17,객관식,당신은 현재 한국에 얼마나 오래 체류하고 계신가요?,1년 이상,6
R03,2026-07-19,18,객관식,한국에 체류하는 주된 목적은 무엇인가요?,유학,3
R03,2026-07-19,19,객관식,한국어 수준은 어느 정도 되시나요?,"고급 수준 (비즈니스 대화, 문서 이해)",3
R03,2026-07-19,20,객관식,GLOU 베타 서비스에 참여하실 의향이 있으신가요?,잘 모르겠다,6
R03,2026-07-19,21,주관식,"한국 생활 중 가장 어려웠던 점이나 필요했던 정보가 무엇인가요? 언제, 어떤 상황에서 겪었는지 구체적인 경험을 이야기해 주시고, 그때 어떻게 해결했는지도 함께 말씀해 주세요.",外角人登録証発行までに1ヶ月くらいかかるが、発行中はクーパンやペダルなどのオンライン上のショッピンが本人認証が出来ないために利用不可能なため不便だった。仕方なく、韓国の友達などなら一時的に電話番号を借りて利用した。,102
R03,2026-07-19,22,주관식,GLOU에서 개선되었으면 하는 기능이나 콘텐츠가 있다면 자유롭게 제안해 주세요. 왜 그 기능이 필요하다고 느꼈는지 본인의 경험과 함께 말씀해 주세요.,人々の利用率が低いため、見ようと思えない。人の利用がないと、見たいと思えない,150
R03,2026-07-19,23,주관식,"베타 서비스 안내를 받고 싶다면 인스타그램 계정 또는 이메일을 남겨주세요. (선택사항이며, 베타 서비스 안내 목적으로만 사용됩니다.)",大丈夫です,78
R03,2026-07-19,24,주관식,귀하의 국적은 어디인가요?,日本,7
R03,2026-07-19,25,주관식,기타 하고 싶은 말씀이 있으시면 작성해주세요.,なし,6
R04,2026-07-20,1,객관식,귀하의 국적은 어디인가요?,일본,1
R04,2026-07-20,2,객관식,귀하의 성별은 무엇인가요?,여성,2
R04,2026-07-20,3,객관식,귀하의 연령대는 어떻게 되시나요?,20대,1
R04,2026-07-20,4,객관식,"한국 블로그나 유튜브에서 식당, 카페, 뷰티 제품 정보를 찾을 때, 해당 리뷰나 추천이 얼마나 신뢰할 수 있다고 생각하시나요?",어느 정도 신뢰한다,5
R04,2026-07-20,5,객관식,한국 블로그나 유튜브의 콘텐츠 중에서 광고인지 솔직한 리뷰인지 구분하기가 얼마나 어렵나요?,매우 어렵게 느껴진다,5
R04,2026-07-20,6,객관식,다음 중 한국 생활 중 이용하려다 어려움을 겪은 앱·서비스는 무엇인가요? (해당하는 것 모두 선택),"배달앱 (배민, 쿠팡이츠 등)",8
R04,2026-07-20,6,객관식,다음 중 한국 생활 중 이용하려다 어려움을 겪은 앱·서비스는 무엇인가요? (해당하는 것 모두 선택),"은행앱 (계좌 개설, 송금 등)",0
R04,2026-07-20,7,객관식,생활앱 이용 시 가장 큰 장벽은 무엇이었나요?,한국 휴대폰 번호 부재,24
R04,2026-07-20,8,객관식,자신과 같은 국가 출신 사람들이 남긴 리뷰와 추천이 있다면 도움이 될 것 같으신가요?,매우 도움이 될 것 같다,11
R04,2026-07-20,9,객관식,"K-뷰티 제품을 선택할 때, 당신의 피부타입(건성, 지성, 복합성 등)과 비슷한 외국인의 리뷰와 추천이 있다면 얼마나 유용할까요?",어느 정도 유용할 것 같다,5
R04,2026-07-20,10,객관식,"한국의 K-BBQ, 카페, 쇼핑, 관광지 등을 추천받을 때, 외국인의 시각에서 작성한 리뷰나 추천을 원하시나요?",어느 정도 원한다,4
R04,2026-07-20,11,객관식,다음 중 가장 추천 정보가 필요한 카테고리는 무엇인가요?,모두 동등하게 필요하다,8
R04,2026-07-20,12,객관식,GLOU의 다음 기능 중 가장 유용할 것 같은 기능은 무엇인가요? (1순위),"국적별 신뢰 리뷰 지도 (같은 나라 사람들의 리뷰로 맛집, 카페, 뷰티숍 찾기)",4
R04,2026-07-20,13,객관식,위 기능들 중 2번째로 유용할 것 같은 기능은 무엇인가요?,GLOU Mate 동행 매칭 (비슷한 관심사의 외국인과 함께 한국 경험 공유),12
R04,2026-07-20,14,객관식,"GLOU에서 개인화된 AI 추천, 광고 없는 서비스 등 프리미엄 기능을 이용한다면, 월 구독료로 얼마까지 지불할 의향이 있으신가요?",무료로만 사용하고 싶다,4
R04,2026-07-20,15,객관식,GLOU에서 지역 앰배서더 또는 리뷰어로 활동하며 현지 정보를 공유할 의향이 있으신가요?,전혀 참여하고 싶지 않다,4
R04,2026-07-20,16,객관식,앰배서더·리뷰어 활동 시 어떤 인센티브를 가장 선호하시나요?,현금 보상,4
R04,2026-07-20,17,객관식,당신은 현재 한국에 얼마나 오래 체류하고 계신가요?,6개월 - 1년,5
R04,2026-07-20,18,객관식,한국에 체류하는 주된 목적은 무엇인가요?,유학,2
R04,2026-07-20,19,객관식,한국어 수준은 어느 정도 되시나요?,"초급 수준 (기본 문장 이해, 간단한 대화)",4
R04,2026-07-20,20,객관식,GLOU 베타 서비스에 참여하실 의향이 있으신가요?,전혀 참여하고 싶지 않다,3
R04,2026-07-20,21,주관식,"한국 생활 중 가장 어려웠던 점이나 필요했던 정보가 무엇인가요? 언제, 어떤 상황에서 겪었는지 구체적인 경험을 이야기해 주시고, 그때 어떻게 해결했는지도 함께 말씀해 주세요.",留学初期は韓国語がわからないのでとにかく各種手続きが困難だった。韓国人とのコミュニケーションが必須なため。韓国人の友人に助けてもらった,13
R04,2026-07-20,22,주관식,GLOU에서 개선되었으면 하는 기능이나 콘텐츠가 있다면 자유롭게 제안해 주세요. 왜 그 기능이 필요하다고 느꼈는지 본인의 경험과 함께 말씀해 주세요.,無料で使いたい,58
R04,2026-07-20,23,주관식,"베타 서비스 안내를 받고 싶다면 인스타그램 계정 또는 이메일을 남겨주세요. (선택사항이며, 베타 서비스 안내 목적으로만 사용됩니다.)",なし,8
R04,2026-07-20,24,주관식,귀하의 국적은 어디인가요?,日本,2
R04,2026-07-20,25,주관식,기타 하고 싶은 말씀이 있으시면 작성해주세요.,特になし,4
R05,2026-07-21,1,객관식,귀하의 국적은 어디인가요?,기타 아시아,4
R05,2026-07-21,2,객관식,귀하의 성별은 무엇인가요?,남성,2
R05,2026-07-21,3,객관식,귀하의 연령대는 어떻게 되시나요?,30대,1
R05,2026-07-21,4,객관식,"한국 블로그나 유튜브에서 식당, 카페, 뷰티 제품 정보를 찾을 때, 해당 리뷰나 추천이 얼마나 신뢰할 수 있다고 생각하시나요?",어느 정도 신뢰한다,1
R05,2026-07-21,5,객관식,한국 블로그나 유튜브의 콘텐츠 중에서 광고인지 솔직한 리뷰인지 구분하기가 얼마나 어렵나요?,어느 정도 구분된다,1
R05,2026-07-21,6,객관식,다음 중 한국 생활 중 이용하려다 어려움을 겪은 앱·서비스는 무엇인가요? (해당하는 것 모두 선택),"예약앱 (병원, 식당, 숙소 예약 등)",2
R05,2026-07-21,7,객관식,생활앱 이용 시 가장 큰 장벽은 무엇이었나요?,"본인인증(공인인증서, 생체인증 등) 불가",3
R05,2026-07-21,8,객관식,자신과 같은 국가 출신 사람들이 남긴 리뷰와 추천이 있다면 도움이 될 것 같으신가요?,어느 정도 도움이 될 것 같다,2
R05,2026-07-21,9,객관식,"K-뷰티 제품을 선택할 때, 당신의 피부타입(건성, 지성, 복합성 등)과 비슷한 외국인의 리뷰와 추천이 있다면 얼마나 유용할까요?",어느 정도 유용할 것 같다,1
R05,2026-07-21,10,객관식,"한국의 K-BBQ, 카페, 쇼핑, 관광지 등을 추천받을 때, 외국인의 시각에서 작성한 리뷰나 추천을 원하시나요?",어느 정도 원한다,1
R05,2026-07-21,11,객관식,다음 중 가장 추천 정보가 필요한 카테고리는 무엇인가요?,"한식당 (한우, 삼겹살, 찌개 등)",1
R05,2026-07-21,12,객관식,GLOU의 다음 기능 중 가장 유용할 것 같은 기능은 무엇인가요? (1순위),Ask GLOU AI (AI 챗봇으로 한국 생활 정보 및 추천 받기),1
R05,2026-07-21,13,객관식,위 기능들 중 2번째로 유용할 것 같은 기능은 무엇인가요?,Ask GLOU AI (AI 챗봇으로 한국 생활 정보 및 추천 받기),1
R05,2026-07-21,14,객관식,"GLOU에서 개인화된 AI 추천, 광고 없는 서비스 등 프리미엄 기능을 이용한다면, 월 구독료로 얼마까지 지불할 의향이 있으신가요?",무료로만 사용하고 싶다,3
R05,2026-07-21,15,객관식,GLOU에서 지역 앰배서더 또는 리뷰어로 활동하며 현지 정보를 공유할 의향이 있으신가요?,어느 정도 참여할 의향이 있다,1
R05,2026-07-21,16,객관식,앰배서더·리뷰어 활동 시 어떤 인센티브를 가장 선호하시나요?,한국 브랜드 상품 제공,1
R05,2026-07-21,17,객관식,당신은 현재 한국에 얼마나 오래 체류하고 계신가요?,3개월 - 6개월,1
R05,2026-07-21,18,객관식,한국에 체류하는 주된 목적은 무엇인가요?,워킹홀리데이,1
R05,2026-07-21,19,객관식,한국어 수준은 어느 정도 되시나요?,"초급 수준 (기본 문장 이해, 간단한 대화)",1
R05,2026-07-21,20,객관식,GLOU 베타 서비스에 참여하실 의향이 있으신가요?,어느 정도 참여할 의향이 있다,1
R05,2026-07-21,21,주관식,"한국 생활 중 가장 어려웠던 점이나 필요했던 정보가 무엇인가요? 언제, 어떤 상황에서 겪었는지 구체적인 경험을 이야기해 주시고, 그때 어떻게 해결했는지도 함께 말씀해 주세요.",의사소통,7
R05,2026-07-21,22,주관식,GLOU에서 개선되었으면 하는 기능이나 콘텐츠가 있다면 자유롭게 제안해 주세요. 왜 그 기능이 필요하다고 느꼈는지 본인의 경험과 함께 말씀해 주세요.,없음,14
R05,2026-07-21,23,주관식,"베타 서비스 안내를 받고 싶다면 인스타그램 계정 또는 이메일을 남겨주세요. (선택사항이며, 베타 서비스 안내 목적으로만 사용됩니다.)",없음,7
R05,2026-07-21,24,주관식,귀하의 국적은 어디인가요?,태국,5
R05,2026-07-21,25,주관식,기타 하고 싶은 말씀이 있으시면 작성해주세요.,없음,3
R06,2026-07-22,1,객관식,귀하의 국적은 어디인가요?,그 외 국가,7
R06,2026-07-22,2,객관식,귀하의 성별은 무엇인가요?,남성,3
R06,2026-07-22,3,객관식,귀하의 연령대는 어떻게 되시나요?,40대,2
R06,2026-07-22,4,객관식,"한국 블로그나 유튜브에서 식당, 카페, 뷰티 제품 정보를 찾을 때, 해당 리뷰나 추천이 얼마나 신뢰할 수 있다고 생각하시나요?",별로 신뢰하지 않는다,9
R06,2026-07-22,5,객관식,한국 블로그나 유튜브의 콘텐츠 중에서 광고인지 솔직한 리뷰인지 구분하기가 얼마나 어렵나요?,판단하기 어렵다,8
R06,2026-07-22,6,객관식,다음 중 한국 생활 중 이용하려다 어려움을 겪은 앱·서비스는 무엇인가요? (해당하는 것 모두 선택),"예약앱 (병원, 식당, 숙소 예약 등)",9
R06,2026-07-22,7,객관식,생활앱 이용 시 가장 큰 장벽은 무엇이었나요?,"본인인증(공인인증서, 생체인증 등) 불가",3
R06,2026-07-22,8,객관식,자신과 같은 국가 출신 사람들이 남긴 리뷰와 추천이 있다면 도움이 될 것 같으신가요?,어느 정도 도움이 될 것 같다,11
R06,2026-07-22,9,객관식,"K-뷰티 제품을 선택할 때, 당신의 피부타입(건성, 지성, 복합성 등)과 비슷한 외국인의 리뷰와 추천이 있다면 얼마나 유용할까요?",어느 정도 유용할 것 같다,2
R06,2026-07-22,10,객관식,"한국의 K-BBQ, 카페, 쇼핑, 관광지 등을 추천받을 때, 외국인의 시각에서 작성한 리뷰나 추천을 원하시나요?",어느 정도 원한다,3
R06,2026-07-22,11,객관식,다음 중 가장 추천 정보가 필요한 카테고리는 무엇인가요?,"K-뷰티 (스킨케어, 메이크업 제품 및 가게)",6
R06,2026-07-22,12,객관식,GLOU의 다음 기능 중 가장 유용할 것 같은 기능은 무엇인가요? (1순위),"국적별 신뢰 리뷰 지도 (같은 나라 사람들의 리뷰로 맛집, 카페, 뷰티숍 찾기)",3
R06,2026-07-22,13,객관식,위 기능들 중 2번째로 유용할 것 같은 기능은 무엇인가요?,K-Beauty 피부타입 추천 (본인의 피부타입에 맞는 K-뷰티 제품 추천),3
R06,2026-07-22,14,객관식,"GLOU에서 개인화된 AI 추천, 광고 없는 서비스 등 프리미엄 기능을 이용한다면, 월 구독료로 얼마까지 지불할 의향이 있으신가요?","월 3,000원 - 5,000원",6
R06,2026-07-22,15,객관식,GLOU에서 지역 앰배서더 또는 리뷰어로 활동하며 현지 정보를 공유할 의향이 있으신가요?,매우 참여하고 싶다,3
R06,2026-07-22,16,객관식,앰배서더·리뷰어 활동 시 어떤 인센티브를 가장 선호하시나요?,현금 보상,4
R06,2026-07-22,17,객관식,당신은 현재 한국에 얼마나 오래 체류하고 계신가요?,1년 이상,5
R06,2026-07-22,18,객관식,한국에 체류하는 주된 목적은 무엇인가요?,유학,2
R06,2026-07-22,19,객관식,한국어 수준은 어느 정도 되시나요?,원어민 수준,4
R06,2026-07-22,20,객관식,GLOU 베타 서비스에 참여하실 의향이 있으신가요?,매우 참여하고 싶다,4
R06,2026-07-22,21,주관식,"한국 생활 중 가장 어려웠던 점이나 필요했던 정보가 무엇인가요? 언제, 어떤 상황에서 겪었는지 구체적인 경험을 이야기해 주시고, 그때 어떻게 해결했는지도 함께 말씀해 주세요.","밤늦게 갑작스러운 고열과 복통이 발 생했을 때, 어느 병원 응급실로 가야 하는지, 내 증 상을 어떻게 표현해야 하는지 몰라 당황했습니다.",53
R06,2026-07-22,22,주관식,GLOU에서 개선되었으면 하는 기능이나 콘텐츠가 있다면 자유롭게 제안해 주세요. 왜 그 기능이 필요하다고 느꼈는지 본인의 경험과 함께 말씀해 주세요.,"예시:

제가 필요한 특정 정보를 찾기 위 해 검색 기능을 자주 활용합니다. 그러나 검색 결과에 너무 많은 최 신글이나 무관한 글이 섞여 나와 원하는 정보를 핵심만 골라보기 가 어려웠습니다. 게시글을 조회 수순, 추천순, 혹은 특정 카테고 리별로 상세하게 필터링할 수 있 는 기능이 생겼으면 좋겠습니다. 또한, 관심 있는 키워드를 등록해 두면 관련 새 글이 올라왔을 때 푸시 알림을 받는 기능이 도입된 다면 앱을 더 자주 유용하게 방문 하게 될 것 같습니다.",30
R06,2026-07-22,23,주관식,"베타 서비스 안내를 받고 싶다면 인스타그램 계정 또는 이메일을 남겨주세요. (선택사항이며, 베타 서비스 안내 목적으로만 사용됩니다.)",[이메일-마스킹],13
R06,2026-07-22,24,주관식,귀하의 국적은 어디인가요?,네덜란드,63
R06,2026-07-22,25,주관식,기타 하고 싶은 말씀이 있으시면 작성해주세요.,없음,7
R07,2026-07-22,1,객관식,귀하의 국적은 어디인가요?,그 외 국가,3
R07,2026-07-22,2,객관식,귀하의 성별은 무엇인가요?,남성,3
R07,2026-07-22,3,객관식,귀하의 연령대는 어떻게 되시나요?,50대,3
R07,2026-07-22,4,객관식,"한국 블로그나 유튜브에서 식당, 카페, 뷰티 제품 정보를 찾을 때, 해당 리뷰나 추천이 얼마나 신뢰할 수 있다고 생각하시나요?",어느 정도 신뢰한다,31
R07,2026-07-22,5,객관식,한국 블로그나 유튜브의 콘텐츠 중에서 광고인지 솔직한 리뷰인지 구분하기가 얼마나 어렵나요?,판단하기 어렵다,18
R07,2026-07-22,6,객관식,다음 중 한국 생활 중 이용하려다 어려움을 겪은 앱·서비스는 무엇인가요? (해당하는 것 모두 선택),"예약앱 (병원, 식당, 숙소 예약 등)",24
R07,2026-07-22,7,객관식,생활앱 이용 시 가장 큰 장벽은 무엇이었나요?,"본인인증(공인인증서, 생체인증 등) 불가",42
R07,2026-07-22,8,객관식,자신과 같은 국가 출신 사람들이 남긴 리뷰와 추천이 있다면 도움이 될 것 같으신가요?,어느 정도 도움이 될 것 같다,13
R07,2026-07-22,9,객관식,"K-뷰티 제품을 선택할 때, 당신의 피부타입(건성, 지성, 복합성 등)과 비슷한 외국인의 리뷰와 추천이 있다면 얼마나 유용할까요?",어느 정도 유용할 것 같다,25
R07,2026-07-22,10,객관식,"한국의 K-BBQ, 카페, 쇼핑, 관광지 등을 추천받을 때, 외국인의 시각에서 작성한 리뷰나 추천을 원하시나요?",어느 정도 원한다,16
R07,2026-07-22,11,객관식,다음 중 가장 추천 정보가 필요한 카테고리는 무엇인가요?,모두 동등하게 필요하다,51
R07,2026-07-22,12,객관식,GLOU의 다음 기능 중 가장 유용할 것 같은 기능은 무엇인가요? (1순위),Ask GLOU AI (AI 챗봇으로 한국 생활 정보 및 추천 받기),47
R07,2026-07-22,13,객관식,위 기능들 중 2번째로 유용할 것 같은 기능은 무엇인가요?,Ask GLOU AI (AI 챗봇으로 한국 생활 정보 및 추천 받기),8
R07,2026-07-22,14,객관식,"GLOU에서 개인화된 AI 추천, 광고 없는 서비스 등 프리미엄 기능을 이용한다면, 월 구독료로 얼마까지 지불할 의향이 있으신가요?",무료로만 사용하고 싶다,20
R07,2026-07-22,15,객관식,GLOU에서 지역 앰배서더 또는 리뷰어로 활동하며 현지 정보를 공유할 의향이 있으신가요?,잘 모르겠다,21
R07,2026-07-22,16,객관식,앰배서더·리뷰어 활동 시 어떤 인센티브를 가장 선호하시나요?,포인트 적립 (앱 내 사용),26
R07,2026-07-22,17,객관식,당신은 현재 한국에 얼마나 오래 체류하고 계신가요?,1년 이상,8
R07,2026-07-22,18,객관식,한국에 체류하는 주된 목적은 무엇인가요?,유학,9
R07,2026-07-22,19,객관식,한국어 수준은 어느 정도 되시나요?,"기초 수준 (간단한 인사, 숫자 등)",8
R07,2026-07-22,20,객관식,GLOU 베타 서비스에 참여하실 의향이 있으신가요?,잘 모르겠다,12
R07,2026-07-22,21,주관식,"한국 생활 중 가장 어려웠던 점이나 필요했던 정보가 무엇인가요? 언제, 어떤 상황에서 겪었는지 구체적인 경험을 이야기해 주시고, 그때 어떻게 해결했는지도 함께 말씀해 주세요.",Food  ingredients and clothes size and findings job,18
R07,2026-07-22,22,주관식,GLOU에서 개선되었으면 하는 기능이나 콘텐츠가 있다면 자유롭게 제안해 주세요. 왜 그 기능이 필요하다고 느꼈는지 본인의 경험과 함께 말씀해 주세요.,"Many people need a good system like GLOU, but they should know and have information about it in their language",82
R07,2026-07-22,23,주관식,"베타 서비스 안내를 받고 싶다면 인스타그램 계정 또는 이메일을 남겨주세요. (선택사항이며, 베타 서비스 안내 목적으로만 사용됩니다.)",[이메일-마스킹],112
R07,2026-07-22,24,주관식,귀하의 국적은 어디인가요?,Iran,7
R07,2026-07-22,25,주관식,기타 하고 싶은 말씀이 있으시면 작성해주세요.,I need many information when I came to Korea but most of them was in Korean. However today we have many applications that help but it needs person become familiar with them before or in first step he arrives in Korea,12
R08,2026-07-22,1,객관식,귀하의 국적은 어디인가요?,그 외 국가,2
R08,2026-07-22,2,객관식,귀하의 성별은 무엇인가요?,여성,5
R08,2026-07-22,3,객관식,귀하의 연령대는 어떻게 되시나요?,20대,2
R08,2026-07-22,4,객관식,"한국 블로그나 유튜브에서 식당, 카페, 뷰티 제품 정보를 찾을 때, 해당 리뷰나 추천이 얼마나 신뢰할 수 있다고 생각하시나요?",매우 신뢰한다,2
R08,2026-07-22,5,객관식,한국 블로그나 유튜브의 콘텐츠 중에서 광고인지 솔직한 리뷰인지 구분하기가 얼마나 어렵나요?,어느 정도 구분된다,3
R08,2026-07-22,6,객관식,다음 중 한국 생활 중 이용하려다 어려움을 겪은 앱·서비스는 무엇인가요? (해당하는 것 모두 선택),"배달앱 (배민, 쿠팡이츠 등)",3
R08,2026-07-22,6,객관식,다음 중 한국 생활 중 이용하려다 어려움을 겪은 앱·서비스는 무엇인가요? (해당하는 것 모두 선택),"은행앱 (계좌 개설, 송금 등)",0
R08,2026-07-22,7,객관식,생활앱 이용 시 가장 큰 장벽은 무엇이었나요?,여러 장벽이 복합적으로 작용했다,9
R08,2026-07-22,8,객관식,자신과 같은 국가 출신 사람들이 남긴 리뷰와 추천이 있다면 도움이 될 것 같으신가요?,보통이다,4
R08,2026-07-22,9,객관식,"K-뷰티 제품을 선택할 때, 당신의 피부타입(건성, 지성, 복합성 등)과 비슷한 외국인의 리뷰와 추천이 있다면 얼마나 유용할까요?",매우 유용할 것 같다,3
R08,2026-07-22,10,객관식,"한국의 K-BBQ, 카페, 쇼핑, 관광지 등을 추천받을 때, 외국인의 시각에서 작성한 리뷰나 추천을 원하시나요?",별로 원하지 않는다,1
R08,2026-07-22,11,객관식,다음 중 가장 추천 정보가 필요한 카테고리는 무엇인가요?,"카페 (커피숍, 디저트 카페)",1
R08,2026-07-22,12,객관식,GLOU의 다음 기능 중 가장 유용할 것 같은 기능은 무엇인가요? (1순위),"국적별 신뢰 리뷰 지도 (같은 나라 사람들의 리뷰로 맛집, 카페, 뷰티숍 찾기)",2
R08,2026-07-22,13,객관식,위 기능들 중 2번째로 유용할 것 같은 기능은 무엇인가요?,K-Beauty 피부타입 추천 (본인의 피부타입에 맞는 K-뷰티 제품 추천),1
R08,2026-07-22,14,객관식,"GLOU에서 개인화된 AI 추천, 광고 없는 서비스 등 프리미엄 기능을 이용한다면, 월 구독료로 얼마까지 지불할 의향이 있으신가요?","월 5,000원 - 10,000원",1
R08,2026-07-22,15,객관식,GLOU에서 지역 앰배서더 또는 리뷰어로 활동하며 현지 정보를 공유할 의향이 있으신가요?,어느 정도 참여할 의향이 있다,3
R08,2026-07-22,16,객관식,앰배서더·리뷰어 활동 시 어떤 인센티브를 가장 선호하시나요?,포인트 적립 (앱 내 사용),1
R08,2026-07-22,17,객관식,당신은 현재 한국에 얼마나 오래 체류하고 계신가요?,1개월 - 3개월,2
R08,2026-07-22,18,객관식,한국에 체류하는 주된 목적은 무엇인가요?,정착/이민,1
R08,2026-07-22,19,객관식,한국어 수준은 어느 정도 되시나요?,"기초 수준 (간단한 인사, 숫자 등)",4
R08,2026-07-22,20,객관식,GLOU 베타 서비스에 참여하실 의향이 있으신가요?,별로 참여하고 싶지 않다,1
R08,2026-07-22,21,주관식,"한국 생활 중 가장 어려웠던 점이나 필요했던 정보가 무엇인가요? 언제, 어떤 상황에서 겪었는지 구체적인 경험을 이야기해 주시고, 그때 어떻게 해결했는지도 함께 말씀해 주세요.",잘 모르겠다,12
R08,2026-07-22,22,주관식,GLOU에서 개선되었으면 하는 기능이나 콘텐츠가 있다면 자유롭게 제안해 주세요. 왜 그 기능이 필요하다고 느꼈는지 본인의 경험과 함께 말씀해 주세요.,없다,12
R08,2026-07-22,23,주관식,"베타 서비스 안내를 받고 싶다면 인스타그램 계정 또는 이메일을 남겨주세요. (선택사항이며, 베타 서비스 안내 목적으로만 사용됩니다.)",넚다,8
R08,2026-07-22,24,주관식,귀하의 국적은 어디인가요?,대한민국,4
R08,2026-07-22,25,주관식,기타 하고 싶은 말씀이 있으시면 작성해주세요.,없다,3
R09,2026-07-22,1,객관식,귀하의 국적은 어디인가요?,유럽,1
R09,2026-07-22,2,객관식,귀하의 성별은 무엇인가요?,남성,1
R09,2026-07-22,3,객관식,귀하의 연령대는 어떻게 되시나요?,20대,1
R09,2026-07-22,4,객관식,"한국 블로그나 유튜브에서 식당, 카페, 뷰티 제품 정보를 찾을 때, 해당 리뷰나 추천이 얼마나 신뢰할 수 있다고 생각하시나요?",어느 정도 신뢰한다,3
R09,2026-07-22,5,객관식,한국 블로그나 유튜브의 콘텐츠 중에서 광고인지 솔직한 리뷰인지 구분하기가 얼마나 어렵나요?,어느 정도 구분된다,3
R09,2026-07-22,6,객관식,다음 중 한국 생활 중 이용하려다 어려움을 겪은 앱·서비스는 무엇인가요? (해당하는 것 모두 선택),"은행앱 (계좌 개설, 송금 등)",3
R09,2026-07-22,6,객관식,다음 중 한국 생활 중 이용하려다 어려움을 겪은 앱·서비스는 무엇인가요? (해당하는 것 모두 선택),"쇼핑앱 (쿠팡, 네이버 쇼핑 등)",0
R09,2026-07-22,6,객관식,다음 중 한국 생활 중 이용하려다 어려움을 겪은 앱·서비스는 무엇인가요? (해당하는 것 모두 선택),"공공 서비스 앱 (행정, 세금 등)",0
R09,2026-07-22,7,객관식,생활앱 이용 시 가장 큰 장벽은 무엇이었나요?,여러 장벽이 복합적으로 작용했다,7
R09,2026-07-22,8,객관식,자신과 같은 국가 출신 사람들이 남긴 리뷰와 추천이 있다면 도움이 될 것 같으신가요?,어느 정도 도움이 될 것 같다,11
R09,2026-07-22,9,객관식,"K-뷰티 제품을 선택할 때, 당신의 피부타입(건성, 지성, 복합성 등)과 비슷한 외국인의 리뷰와 추천이 있다면 얼마나 유용할까요?",어느 정도 유용할 것 같다,3
R09,2026-07-22,10,객관식,"한국의 K-BBQ, 카페, 쇼핑, 관광지 등을 추천받을 때, 외국인의 시각에서 작성한 리뷰나 추천을 원하시나요?",어느 정도 원한다,2
R09,2026-07-22,11,객관식,다음 중 가장 추천 정보가 필요한 카테고리는 무엇인가요?,모두 동등하게 필요하다,3
R09,2026-07-22,12,객관식,GLOU의 다음 기능 중 가장 유용할 것 같은 기능은 무엇인가요? (1순위),K-Beauty 피부타입 추천 (본인의 피부타입에 맞는 K-뷰티 제품 추천),6
R09,2026-07-22,13,객관식,위 기능들 중 2번째로 유용할 것 같은 기능은 무엇인가요?,"국적별 신뢰 리뷰 지도 (같은 나라 사람들의 리뷰로 맛집, 카페, 뷰티숍 찾기)",6
R09,2026-07-22,14,객관식,"GLOU에서 개인화된 AI 추천, 광고 없는 서비스 등 프리미엄 기능을 이용한다면, 월 구독료로 얼마까지 지불할 의향이 있으신가요?","월 1,000원 - 3,000원",5
R09,2026-07-22,15,객관식,GLOU에서 지역 앰배서더 또는 리뷰어로 활동하며 현지 정보를 공유할 의향이 있으신가요?,잘 모르겠다,6
R09,2026-07-22,16,객관식,앰배서더·리뷰어 활동 시 어떤 인센티브를 가장 선호하시나요?,현금 보상,3
R09,2026-07-22,17,객관식,당신은 현재 한국에 얼마나 오래 체류하고 계신가요?,1년 이상,2
R09,2026-07-22,18,객관식,한국에 체류하는 주된 목적은 무엇인가요?,출장/일,2
R09,2026-07-22,19,객관식,한국어 수준은 어느 정도 되시나요?,"고급 수준 (비즈니스 대화, 문서 이해)",4
R09,2026-07-22,20,객관식,GLOU 베타 서비스에 참여하실 의향이 있으신가요?,어느 정도 참여할 의향이 있다,2
R09,2026-07-22,21,주관식,"한국 생활 중 가장 어려웠던 점이나 필요했던 정보가 무엇인가요? 언제, 어떤 상황에서 겪었는지 구체적인 경험을 이야기해 주시고, 그때 어떻게 해결했는지도 함께 말씀해 주세요.",Information on how to establish basic amenities such as banking and phone services so that I could use things like apps and identity confirmation services,5
R09,2026-07-22,22,주관식,GLOU에서 개선되었으면 하는 기능이나 콘텐츠가 있다면 자유롭게 제안해 주세요. 왜 그 기능이 필요하다고 느꼈는지 본인의 경험과 함께 말씀해 주세요.,"Clear, authentic guidance on how to successfully navigate your first few months in Korea (finding accomodation, banking, phone contracts, etc)N",23
R09,2026-07-22,23,주관식,"베타 서비스 안내를 받고 싶다면 인스타그램 계정 또는 이메일을 남겨주세요. (선택사항이며, 베타 서비스 안내 목적으로만 사용됩니다.)",[이메일-마스킹],28
R09,2026-07-22,24,주관식,귀하의 국적은 어디인가요?,UK,5
R09,2026-07-22,25,주관식,기타 하고 싶은 말씀이 있으시면 작성해주세요.,N/a,3
R10,2026-07-22,1,객관식,귀하의 국적은 어디인가요?,기타 아시아,2
R10,2026-07-22,2,객관식,귀하의 성별은 무엇인가요?,여성,2
R10,2026-07-22,3,객관식,귀하의 연령대는 어떻게 되시나요?,20대,2
R10,2026-07-22,4,객관식,"한국 블로그나 유튜브에서 식당, 카페, 뷰티 제품 정보를 찾을 때, 해당 리뷰나 추천이 얼마나 신뢰할 수 있다고 생각하시나요?",중립적이다,10
R10,2026-07-22,5,객관식,한국 블로그나 유튜브의 콘텐츠 중에서 광고인지 솔직한 리뷰인지 구분하기가 얼마나 어렵나요?,판단하기 어렵다,5
R10,2026-07-22,6,객관식,다음 중 한국 생활 중 이용하려다 어려움을 겪은 앱·서비스는 무엇인가요? (해당하는 것 모두 선택),"은행앱 (계좌 개설, 송금 등)",456
R10,2026-07-22,7,객관식,생활앱 이용 시 가장 큰 장벽은 무엇이었나요?,여러 장벽이 복합적으로 작용했다,8
R10,2026-07-22,8,객관식,자신과 같은 국가 출신 사람들이 남긴 리뷰와 추천이 있다면 도움이 될 것 같으신가요?,매우 도움이 될 것 같다,18
R10,2026-07-22,9,객관식,"K-뷰티 제품을 선택할 때, 당신의 피부타입(건성, 지성, 복합성 등)과 비슷한 외국인의 리뷰와 추천이 있다면 얼마나 유용할까요?",어느 정도 유용할 것 같다,8
R10,2026-07-22,10,객관식,"한국의 K-BBQ, 카페, 쇼핑, 관광지 등을 추천받을 때, 외국인의 시각에서 작성한 리뷰나 추천을 원하시나요?",어느 정도 원한다,7
R10,2026-07-22,11,객관식,다음 중 가장 추천 정보가 필요한 카테고리는 무엇인가요?,모두 동등하게 필요하다,45
R10,2026-07-22,12,객관식,GLOU의 다음 기능 중 가장 유용할 것 같은 기능은 무엇인가요? (1순위),Ask GLOU AI (AI 챗봇으로 한국 생활 정보 및 추천 받기),17
R10,2026-07-22,13,객관식,위 기능들 중 2번째로 유용할 것 같은 기능은 무엇인가요?,GLOU Mate 동행 매칭 (비슷한 관심사의 외국인과 함께 한국 경험 공유),10
R10,2026-07-22,14,객관식,"GLOU에서 개인화된 AI 추천, 광고 없는 서비스 등 프리미엄 기능을 이용한다면, 월 구독료로 얼마까지 지불할 의향이 있으신가요?","월 1,000원 - 3,000원",36
R10,2026-07-22,15,객관식,GLOU에서 지역 앰배서더 또는 리뷰어로 활동하며 현지 정보를 공유할 의향이 있으신가요?,매우 참여하고 싶다,10
R10,2026-07-22,16,객관식,앰배서더·리뷰어 활동 시 어떤 인센티브를 가장 선호하시나요?,"경험 이벤트 초대 (신제품 런칭, 투어 등)",6
R10,2026-07-22,17,객관식,당신은 현재 한국에 얼마나 오래 체류하고 계신가요?,3개월 - 6개월,9
R10,2026-07-22,18,객관식,한국에 체류하는 주된 목적은 무엇인가요?,유학,3
R10,2026-07-22,19,객관식,한국어 수준은 어느 정도 되시나요?,원어민 수준,2
R10,2026-07-22,20,객관식,GLOU 베타 서비스에 참여하실 의향이 있으신가요?,매우 참여하고 싶다,4
R10,2026-07-22,21,주관식,"한국 생활 중 가장 어려웠던 점이나 필요했던 정보가 무엇인가요? 언제, 어떤 상황에서 겪었는지 구체적인 경험을 이야기해 주시고, 그때 어떻게 해결했는지도 함께 말씀해 주세요.","유학 오고 첫달은 번호, 등록증, 계좌가 없었기에 할 수 있는 일이 매우 한정적이었습니다. 그때 마다 지인분들의 도움을 받았습니다",25
R10,2026-07-22,22,주관식,GLOU에서 개선되었으면 하는 기능이나 콘텐츠가 있다면 자유롭게 제안해 주세요. 왜 그 기능이 필요하다고 느꼈는지 본인의 경험과 함께 말씀해 주세요.,아직은 없습니다,63
R10,2026-07-22,23,주관식,"베타 서비스 안내를 받고 싶다면 인스타그램 계정 또는 이메일을 남겨주세요. (선택사항이며, 베타 서비스 안내 목적으로만 사용됩니다.)",[이메일-마스킹],15
R10,2026-07-22,24,주관식,귀하의 국적은 어디인가요?,mongolia,12
R10,2026-07-22,25,주관식,기타 하고 싶은 말씀이 있으시면 작성해주세요.,감사합니다,8
R11,2026-07-22,1,객관식,귀하의 국적은 어디인가요?,기타 아시아,2
R11,2026-07-22,2,객관식,귀하의 성별은 무엇인가요?,여성,2
R11,2026-07-22,3,객관식,귀하의 연령대는 어떻게 되시나요?,20대,2
R11,2026-07-22,4,객관식,"한국 블로그나 유튜브에서 식당, 카페, 뷰티 제품 정보를 찾을 때, 해당 리뷰나 추천이 얼마나 신뢰할 수 있다고 생각하시나요?",어느 정도 신뢰한다,6
R11,2026-07-22,5,객관식,한국 블로그나 유튜브의 콘텐츠 중에서 광고인지 솔직한 리뷰인지 구분하기가 얼마나 어렵나요?,판단하기 어렵다,20
R11,2026-07-22,6,객관식,다음 중 한국 생활 중 이용하려다 어려움을 겪은 앱·서비스는 무엇인가요? (해당하는 것 모두 선택),"공공 서비스 앱 (행정, 세금 등)",12
R11,2026-07-22,6,객관식,다음 중 한국 생활 중 이용하려다 어려움을 겪은 앱·서비스는 무엇인가요? (해당하는 것 모두 선택),"은행앱 (계좌 개설, 송금 등)",0
R11,2026-07-22,7,객관식,생활앱 이용 시 가장 큰 장벽은 무엇이었나요?,어려움을 겪지 않았다 (해당 없음),15
R11,2026-07-22,8,객관식,자신과 같은 국가 출신 사람들이 남긴 리뷰와 추천이 있다면 도움이 될 것 같으신가요?,어느 정도 도움이 될 것 같다,5
R11,2026-07-22,9,객관식,"K-뷰티 제품을 선택할 때, 당신의 피부타입(건성, 지성, 복합성 등)과 비슷한 외국인의 리뷰와 추천이 있다면 얼마나 유용할까요?",어느 정도 유용할 것 같다,8
R11,2026-07-22,10,객관식,"한국의 K-BBQ, 카페, 쇼핑, 관광지 등을 추천받을 때, 외국인의 시각에서 작성한 리뷰나 추천을 원하시나요?",어느 정도 원한다,3
R11,2026-07-22,11,객관식,다음 중 가장 추천 정보가 필요한 카테고리는 무엇인가요?,모두 동등하게 필요하다,6
R11,2026-07-22,12,객관식,GLOU의 다음 기능 중 가장 유용할 것 같은 기능은 무엇인가요? (1순위),GLOU Mate 동행 매칭 (비슷한 관심사의 외국인과 함께 한국 경험 공유),16
R11,2026-07-22,13,객관식,위 기능들 중 2번째로 유용할 것 같은 기능은 무엇인가요?,"국적별 신뢰 리뷰 지도 (같은 나라 사람들의 리뷰로 맛집, 카페, 뷰티숍 찾기)",1
R11,2026-07-22,14,객관식,"GLOU에서 개인화된 AI 추천, 광고 없는 서비스 등 프리미엄 기능을 이용한다면, 월 구독료로 얼마까지 지불할 의향이 있으신가요?",무료로만 사용하고 싶다,6
R11,2026-07-22,15,객관식,GLOU에서 지역 앰배서더 또는 리뷰어로 활동하며 현지 정보를 공유할 의향이 있으신가요?,어느 정도 참여할 의향이 있다,8
R11,2026-07-22,16,객관식,앰배서더·리뷰어 활동 시 어떤 인센티브를 가장 선호하시나요?,현금 보상,9
R11,2026-07-22,17,객관식,당신은 현재 한국에 얼마나 오래 체류하고 계신가요?,1년 이상,7
R11,2026-07-22,18,객관식,한국에 체류하는 주된 목적은 무엇인가요?,유학,3
R11,2026-07-22,19,객관식,한국어 수준은 어느 정도 되시나요?,"고급 수준 (비즈니스 대화, 문서 이해)",3
R11,2026-07-22,20,객관식,GLOU 베타 서비스에 참여하실 의향이 있으신가요?,어느 정도 참여할 의향이 있다,5
R11,2026-07-22,21,주관식,"한국 생활 중 가장 어려웠던 점이나 필요했던 정보가 무엇인가요? 언제, 어떤 상황에서 겪었는지 구체적인 경험을 이야기해 주시고, 그때 어떻게 해결했는지도 함께 말씀해 주세요.","I think the hardest one is the public service because it's kind of different from my country and you have to tell them briefly, such as like immigration kind of things. And also, maybe I don't know if we'll call the public service, but maybe hospital. You have to like tell them briefly to get the explanation briefly to.",70
R11,2026-07-22,22,주관식,GLOU에서 개선되었으면 하는 기능이나 콘텐츠가 있다면 자유롭게 제안해 주세요. 왜 그 기능이 필요하다고 느꼈는지 본인의 경험과 함께 말씀해 주세요.,"Here maybe tips for living in the career, such as like how and what do you do in the public servers, such as immigration. I think like when do you want to do this thing, how do you do that thing, and maybe like where is the best hospital around you.",90
R11,2026-07-22,23,주관식,"베타 서비스 안내를 받고 싶다면 인스타그램 계정 또는 이메일을 남겨주세요. (선택사항이며, 베타 서비스 안내 목적으로만 사용됩니다.)",[이메일-마스킹],10
R11,2026-07-22,24,주관식,귀하의 국적은 어디인가요?,Indonesian,28
R11,2026-07-22,25,주관식,기타 하고 싶은 말씀이 있으시면 작성해주세요.,Im good.,10
R12,2026-07-22,1,객관식,귀하의 국적은 어디인가요?,일본,3
R12,2026-07-22,2,객관식,귀하의 성별은 무엇인가요?,여성,3
R12,2026-07-22,3,객관식,귀하의 연령대는 어떻게 되시나요?,30대,2
R12,2026-07-22,4,객관식,"한국 블로그나 유튜브에서 식당, 카페, 뷰티 제품 정보를 찾을 때, 해당 리뷰나 추천이 얼마나 신뢰할 수 있다고 생각하시나요?",어느 정도 신뢰한다,27
R12,2026-07-22,5,객관식,한국 블로그나 유튜브의 콘텐츠 중에서 광고인지 솔직한 리뷰인지 구분하기가 얼마나 어렵나요?,어느 정도 구분된다,4
R12,2026-07-22,6,객관식,다음 중 한국 생활 중 이용하려다 어려움을 겪은 앱·서비스는 무엇인가요? (해당하는 것 모두 선택),"배달앱 (배민, 쿠팡이츠 등)",4
R12,2026-07-22,6,객관식,다음 중 한국 생활 중 이용하려다 어려움을 겪은 앱·서비스는 무엇인가요? (해당하는 것 모두 선택),"은행앱 (계좌 개설, 송금 등)",0
R12,2026-07-22,6,객관식,다음 중 한국 생활 중 이용하려다 어려움을 겪은 앱·서비스는 무엇인가요? (해당하는 것 모두 선택),"공공 서비스 앱 (행정, 세금 등)",0
R12,2026-07-22,7,객관식,생활앱 이용 시 가장 큰 장벽은 무엇이었나요?,복잡한 한국어 인터페이스,14
R12,2026-07-22,8,객관식,자신과 같은 국가 출신 사람들이 남긴 리뷰와 추천이 있다면 도움이 될 것 같으신가요?,매우 도움이 될 것 같다,4
R12,2026-07-22,9,객관식,"K-뷰티 제품을 선택할 때, 당신의 피부타입(건성, 지성, 복합성 등)과 비슷한 외국인의 리뷰와 추천이 있다면 얼마나 유용할까요?",어느 정도 유용할 것 같다,6
R12,2026-07-22,10,객관식,"한국의 K-BBQ, 카페, 쇼핑, 관광지 등을 추천받을 때, 외국인의 시각에서 작성한 리뷰나 추천을 원하시나요?",어느 정도 원한다,4
R12,2026-07-22,11,객관식,다음 중 가장 추천 정보가 필요한 카테고리는 무엇인가요?,"K-뷰티 (스킨케어, 메이크업 제품 및 가게)",8
R12,2026-07-22,12,객관식,GLOU의 다음 기능 중 가장 유용할 것 같은 기능은 무엇인가요? (1순위),"국적별 신뢰 리뷰 지도 (같은 나라 사람들의 리뷰로 맛집, 카페, 뷰티숍 찾기)",9
R12,2026-07-22,13,객관식,위 기능들 중 2번째로 유용할 것 같은 기능은 무엇인가요?,GLOU Mate 동행 매칭 (비슷한 관심사의 외국인과 함께 한국 경험 공유),7
R12,2026-07-22,14,객관식,"GLOU에서 개인화된 AI 추천, 광고 없는 서비스 등 프리미엄 기능을 이용한다면, 월 구독료로 얼마까지 지불할 의향이 있으신가요?","월 1,000원 - 3,000원",7
R12,2026-07-22,15,객관식,GLOU에서 지역 앰배서더 또는 리뷰어로 활동하며 현지 정보를 공유할 의향이 있으신가요?,잘 모르겠다,36
R12,2026-07-22,16,객관식,앰배서더·리뷰어 활동 시 어떤 인센티브를 가장 선호하시나요?,한국 브랜드 상품 제공,5
R12,2026-07-22,17,객관식,당신은 현재 한국에 얼마나 오래 체류하고 계신가요?,1년 이상,113
R12,2026-07-22,18,객관식,한국에 체류하는 주된 목적은 무엇인가요?,정착/이민,3
R12,2026-07-22,19,객관식,한국어 수준은 어느 정도 되시나요?,"초급 수준 (기본 문장 이해, 간단한 대화)",13
R12,2026-07-22,20,객관식,GLOU 베타 서비스에 참여하실 의향이 있으신가요?,어느 정도 참여할 의향이 있다,125
R12,2026-07-22,21,주관식,"한국 생활 중 가장 어려웠던 점이나 필요했던 정보가 무엇인가요? 언제, 어떤 상황에서 겪었는지 구체적인 경험을 이야기해 주시고, 그때 어떻게 해결했는지도 함께 말씀해 주세요.",外国人が公的手続きを行う時の順序,11
R12,2026-07-22,22,주관식,GLOU에서 개선되었으면 하는 기능이나 콘텐츠가 있다면 자유롭게 제안해 주세요. 왜 그 기능이 필요하다고 느꼈는지 본인의 경험과 함께 말씀해 주세요.,特にない,200
R12,2026-07-22,23,주관식,"베타 서비스 안내를 받고 싶다면 인스타그램 계정 또는 이메일을 남겨주세요. (선택사항이며, 베타 서비스 안내 목적으로만 사용됩니다.)",なし,14
R12,2026-07-22,24,주관식,귀하의 국적은 어디인가요?,日本,3
R12,2026-07-22,25,주관식,기타 하고 싶은 말씀이 있으시면 작성해주세요.,なし,5
R13,2026-07-22,1,객관식,귀하의 국적은 어디인가요?,일본,1
R13,2026-07-22,2,객관식,귀하의 성별은 무엇인가요?,여성,2
R13,2026-07-22,3,객관식,귀하의 연령대는 어떻게 되시나요?,60대 이상,1
R13,2026-07-22,4,객관식,"한국 블로그나 유튜브에서 식당, 카페, 뷰티 제품 정보를 찾을 때, 해당 리뷰나 추천이 얼마나 신뢰할 수 있다고 생각하시나요?",어느 정도 신뢰한다,11
R13,2026-07-22,5,객관식,한국 블로그나 유튜브의 콘텐츠 중에서 광고인지 솔직한 리뷰인지 구분하기가 얼마나 어렵나요?,판단하기 어렵다,10
R13,2026-07-22,6,객관식,다음 중 한국 생활 중 이용하려다 어려움을 겪은 앱·서비스는 무엇인가요? (해당하는 것 모두 선택),어려움을 겪지 않았다,18
R13,2026-07-22,7,객관식,생활앱 이용 시 가장 큰 장벽은 무엇이었나요?,한국 휴대폰 번호 부재,17
R13,2026-07-22,8,객관식,자신과 같은 국가 출신 사람들이 남긴 리뷰와 추천이 있다면 도움이 될 것 같으신가요?,매우 도움이 될 것 같다,8
R13,2026-07-22,9,객관식,"K-뷰티 제품을 선택할 때, 당신의 피부타입(건성, 지성, 복합성 등)과 비슷한 외국인의 리뷰와 추천이 있다면 얼마나 유용할까요?",매우 유용할 것 같다,14
R13,2026-07-22,10,객관식,"한국의 K-BBQ, 카페, 쇼핑, 관광지 등을 추천받을 때, 외국인의 시각에서 작성한 리뷰나 추천을 원하시나요?",매우 원한다,12
R13,2026-07-22,11,객관식,다음 중 가장 추천 정보가 필요한 카테고리는 무엇인가요?,"한식당 (한우, 삼겹살, 찌개 등)",9
R13,2026-07-22,12,객관식,GLOU의 다음 기능 중 가장 유용할 것 같은 기능은 무엇인가요? (1순위),"국적별 신뢰 리뷰 지도 (같은 나라 사람들의 리뷰로 맛집, 카페, 뷰티숍 찾기)",48
R13,2026-07-22,13,객관식,위 기능들 중 2번째로 유용할 것 같은 기능은 무엇인가요?,K-Beauty 피부타입 추천 (본인의 피부타입에 맞는 K-뷰티 제품 추천),8
R13,2026-07-22,14,객관식,"GLOU에서 개인화된 AI 추천, 광고 없는 서비스 등 프리미엄 기능을 이용한다면, 월 구독료로 얼마까지 지불할 의향이 있으신가요?",무료로만 사용하고 싶다,17
R13,2026-07-22,15,객관식,GLOU에서 지역 앰배서더 또는 리뷰어로 활동하며 현지 정보를 공유할 의향이 있으신가요?,전혀 참여하고 싶지 않다,19
R13,2026-07-22,16,객관식,앰배서더·리뷰어 활동 시 어떤 인센티브를 가장 선호하시나요?,현금 보상,24
R13,2026-07-22,17,객관식,당신은 현재 한국에 얼마나 오래 체류하고 계신가요?,1개월 미만,4
R13,2026-07-22,18,객관식,한국에 체류하는 주된 목적은 무엇인가요?,관광/여행,14
R13,2026-07-22,19,객관식,한국어 수준은 어느 정도 되시나요?,전혀 못함,4
R13,2026-07-22,20,객관식,GLOU 베타 서비스에 참여하실 의향이 있으신가요?,어느 정도 참여할 의향이 있다,4
R13,2026-07-22,21,주관식,"한국 생활 중 가장 어려웠던 점이나 필요했던 정보가 무엇인가요? 언제, 어떤 상황에서 겪었는지 구체적인 경험을 이야기해 주시고, 그때 어떻게 해결했는지도 함께 말씀해 주세요.",言語の壁。電車の乗り方など、娘に助けてもらった,30
R13,2026-07-22,22,주관식,GLOU에서 개선되었으면 하는 기능이나 콘텐츠가 있다면 자유롭게 제안해 주세요. 왜 그 기능이 필요하다고 느꼈는지 본인의 경험과 함께 말씀해 주세요.,センターみたいなのを作って欲しい。それわマップに入れてくれれば、直接聞ける,61
R13,2026-07-22,23,주관식,"베타 서비스 안내를 받고 싶다면 인스타그램 계정 또는 이메일을 남겨주세요. (선택사항이며, 베타 서비스 안내 목적으로만 사용됩니다.)",.,50
R13,2026-07-22,24,주관식,귀하의 국적은 어디인가요?,日本,6
R13,2026-07-22,25,주관식,기타 하고 싶은 말씀이 있으시면 작성해주세요.,なし,3
R14,2026-07-22,1,객관식,귀하의 국적은 어디인가요?,그 외 국가,2
R14,2026-07-22,2,객관식,귀하의 성별은 무엇인가요?,여성,3
R14,2026-07-22,3,객관식,귀하의 연령대는 어떻게 되시나요?,20대,3
R14,2026-07-22,4,객관식,"한국 블로그나 유튜브에서 식당, 카페, 뷰티 제품 정보를 찾을 때, 해당 리뷰나 추천이 얼마나 신뢰할 수 있다고 생각하시나요?",어느 정도 신뢰한다,5
R14,2026-07-22,5,객관식,한국 블로그나 유튜브의 콘텐츠 중에서 광고인지 솔직한 리뷰인지 구분하기가 얼마나 어렵나요?,매우 쉽게 구분된다,4
R14,2026-07-22,6,객관식,다음 중 한국 생활 중 이용하려다 어려움을 겪은 앱·서비스는 무엇인가요? (해당하는 것 모두 선택),"배달앱 (배민, 쿠팡이츠 등)",2
R14,2026-07-22,6,객관식,다음 중 한국 생활 중 이용하려다 어려움을 겪은 앱·서비스는 무엇인가요? (해당하는 것 모두 선택),"은행앱 (계좌 개설, 송금 등)",0
R14,2026-07-22,7,객관식,생활앱 이용 시 가장 큰 장벽은 무엇이었나요?,ARC(외국인등록증) 없음,4
R14,2026-07-22,8,객관식,자신과 같은 국가 출신 사람들이 남긴 리뷰와 추천이 있다면 도움이 될 것 같으신가요?,매우 도움이 될 것 같다,2
R14,2026-07-22,9,객관식,"K-뷰티 제품을 선택할 때, 당신의 피부타입(건성, 지성, 복합성 등)과 비슷한 외국인의 리뷰와 추천이 있다면 얼마나 유용할까요?",어느 정도 유용할 것 같다,2
R14,2026-07-22,10,객관식,"한국의 K-BBQ, 카페, 쇼핑, 관광지 등을 추천받을 때, 외국인의 시각에서 작성한 리뷰나 추천을 원하시나요?",매우 원한다,2
R14,2026-07-22,11,객관식,다음 중 가장 추천 정보가 필요한 카테고리는 무엇인가요?,"쇼핑 (의류, 악세서리 등)",2
R14,2026-07-22,12,객관식,GLOU의 다음 기능 중 가장 유용할 것 같은 기능은 무엇인가요? (1순위),"국적별 신뢰 리뷰 지도 (같은 나라 사람들의 리뷰로 맛집, 카페, 뷰티숍 찾기)",7
R14,2026-07-22,13,객관식,위 기능들 중 2번째로 유용할 것 같은 기능은 무엇인가요?,K-Beauty 피부타입 추천 (본인의 피부타입에 맞는 K-뷰티 제품 추천),5
R14,2026-07-22,14,객관식,"GLOU에서 개인화된 AI 추천, 광고 없는 서비스 등 프리미엄 기능을 이용한다면, 월 구독료로 얼마까지 지불할 의향이 있으신가요?",무료로만 사용하고 싶다,5
R14,2026-07-22,15,객관식,GLOU에서 지역 앰배서더 또는 리뷰어로 활동하며 현지 정보를 공유할 의향이 있으신가요?,어느 정도 참여할 의향이 있다,3
R14,2026-07-22,16,객관식,앰배서더·리뷰어 활동 시 어떤 인센티브를 가장 선호하시나요?,현금 보상,2
R14,2026-07-22,17,객관식,당신은 현재 한국에 얼마나 오래 체류하고 계신가요?,1년 이상,5
R14,2026-07-22,18,객관식,한국에 체류하는 주된 목적은 무엇인가요?,유학,5
R14,2026-07-22,19,객관식,한국어 수준은 어느 정도 되시나요?,"고급 수준 (비즈니스 대화, 문서 이해)",4
R14,2026-07-22,20,객관식,GLOU 베타 서비스에 참여하실 의향이 있으신가요?,매우 참여하고 싶다,2
R14,2026-07-22,21,주관식,"한국 생활 중 가장 어려웠던 점이나 필요했던 정보가 무엇인가요? 언제, 어떤 상황에서 겪었는지 구체적인 경험을 이야기해 주시고, 그때 어떻게 해결했는지도 함께 말씀해 주세요.","I think I would like more information about visas, especially when I'm changing my visa from D2 to working visa. I was really confused about finding jobs that could support my working visa and not only like internship visa, which is like a job-seeking visa.",39
R14,2026-07-22,22,주관식,GLOU에서 개선되었으면 하는 기능이나 콘텐츠가 있다면 자유롭게 제안해 주세요. 왜 그 기능이 필요하다고 느꼈는지 본인의 경험과 함께 말씀해 주세요.,maybe K Beauty because it's like trending and but I'm also scared of where it's like the clinic where which clinic are good to go for like maybe face or for body care or maybe some,35
R14,2026-07-22,23,주관식,"베타 서비스 안내를 받고 싶다면 인스타그램 계정 또는 이메일을 남겨주세요. (선택사항이며, 베타 서비스 안내 목적으로만 사용됩니다.)","gabrielladavintia
[이메일-마스킹]",13
R14,2026-07-22,24,주관식,귀하의 국적은 어디인가요?,indonesia,26
R14,2026-07-22,25,주관식,기타 하고 싶은 말씀이 있으시면 작성해주세요.,none,5
R15,2026-07-22,1,객관식,귀하의 국적은 어디인가요?,일본,1
R15,2026-07-22,2,객관식,귀하의 성별은 무엇인가요?,남성,2
R15,2026-07-22,3,객관식,귀하의 연령대는 어떻게 되시나요?,60대 이상,2
R15,2026-07-22,4,객관식,"한국 블로그나 유튜브에서 식당, 카페, 뷰티 제품 정보를 찾을 때, 해당 리뷰나 추천이 얼마나 신뢰할 수 있다고 생각하시나요?",별로 신뢰하지 않는다,5
R15,2026-07-22,5,객관식,한국 블로그나 유튜브의 콘텐츠 중에서 광고인지 솔직한 리뷰인지 구분하기가 얼마나 어렵나요?,판단하기 어렵다,3
R15,2026-07-22,6,객관식,다음 중 한국 생활 중 이용하려다 어려움을 겪은 앱·서비스는 무엇인가요? (해당하는 것 모두 선택),"배달앱 (배민, 쿠팡이츠 등)",67
R15,2026-07-22,7,객관식,생활앱 이용 시 가장 큰 장벽은 무엇이었나요?,한국 휴대폰 번호 부재,7
R15,2026-07-22,8,객관식,자신과 같은 국가 출신 사람들이 남긴 리뷰와 추천이 있다면 도움이 될 것 같으신가요?,매우 도움이 될 것 같다,92
R15,2026-07-22,9,객관식,"K-뷰티 제품을 선택할 때, 당신의 피부타입(건성, 지성, 복합성 등)과 비슷한 외국인의 리뷰와 추천이 있다면 얼마나 유용할까요?",보통이다,4
R15,2026-07-22,10,객관식,"한국의 K-BBQ, 카페, 쇼핑, 관광지 등을 추천받을 때, 외국인의 시각에서 작성한 리뷰나 추천을 원하시나요?",어느 정도 원한다,5
R15,2026-07-22,11,객관식,다음 중 가장 추천 정보가 필요한 카테고리는 무엇인가요?,"한식당 (한우, 삼겹살, 찌개 등)",35
R15,2026-07-22,12,객관식,GLOU의 다음 기능 중 가장 유용할 것 같은 기능은 무엇인가요? (1순위),Ask GLOU AI (AI 챗봇으로 한국 생활 정보 및 추천 받기),8
R15,2026-07-22,13,객관식,위 기능들 중 2번째로 유용할 것 같은 기능은 무엇인가요?,"국적별 신뢰 리뷰 지도 (같은 나라 사람들의 리뷰로 맛집, 카페, 뷰티숍 찾기)",6
R15,2026-07-22,14,객관식,"GLOU에서 개인화된 AI 추천, 광고 없는 서비스 등 프리미엄 기능을 이용한다면, 월 구독료로 얼마까지 지불할 의향이 있으신가요?",무료로만 사용하고 싶다,2
R15,2026-07-22,15,객관식,GLOU에서 지역 앰배서더 또는 리뷰어로 활동하며 현지 정보를 공유할 의향이 있으신가요?,별로 참여하고 싶지 않다,3
R15,2026-07-22,16,객관식,앰배서더·리뷰어 활동 시 어떤 인센티브를 가장 선호하시나요?,포인트 적립 (앱 내 사용),4
R15,2026-07-22,17,객관식,당신은 현재 한국에 얼마나 오래 체류하고 계신가요?,1개월 미만,3
R15,2026-07-22,18,객관식,한국에 체류하는 주된 목적은 무엇인가요?,관광/여행,4
R15,2026-07-22,19,객관식,한국어 수준은 어느 정도 되시나요?,전혀 못함,3
R15,2026-07-22,20,객관식,GLOU 베타 서비스에 참여하실 의향이 있으신가요?,전혀 참여하고 싶지 않다,3
R15,2026-07-22,21,주관식,"한국 생활 중 가장 어려웠던 점이나 필요했던 정보가 무엇인가요? 언제, 어떤 상황에서 겪었는지 구체적인 경험을 이야기해 주시고, 그때 어떻게 해결했는지도 함께 말씀해 주세요.",言語がわからないのと、韓国料理をたくさん知らないのでレストランで何を頼んだらいいかわからない,6
R15,2026-07-22,22,주관식,GLOU에서 개선되었으면 하는 기능이나 콘텐츠가 있다면 자유롭게 제안해 주세요. 왜 그 기능이 필요하다고 느꼈는지 본인의 경험과 함께 말씀해 주세요.,韓国語メニューで焼肉屋に行ったら頼むべきものなどのおすすめが欲しい,60
R15,2026-07-22,23,주관식,"베타 서비스 안내를 받고 싶다면 인스타그램 계정 또는 이메일을 남겨주세요. (선택사항이며, 베타 서비스 안내 목적으로만 사용됩니다.)",。,26
R15,2026-07-22,24,주관식,귀하의 국적은 어디인가요?,日本,2
R15,2026-07-22,25,주관식,기타 하고 싶은 말씀이 있으시면 작성해주세요.,なし,3
R16,2026-07-22,1,객관식,귀하의 국적은 어디인가요?,기타 아시아,3
R16,2026-07-22,2,객관식,귀하의 성별은 무엇인가요?,여성,3
R16,2026-07-22,3,객관식,귀하의 연령대는 어떻게 되시나요?,20대,3
R16,2026-07-22,4,객관식,"한국 블로그나 유튜브에서 식당, 카페, 뷰티 제품 정보를 찾을 때, 해당 리뷰나 추천이 얼마나 신뢰할 수 있다고 생각하시나요?",매우 신뢰한다,8
R16,2026-07-22,5,객관식,한국 블로그나 유튜브의 콘텐츠 중에서 광고인지 솔직한 리뷰인지 구분하기가 얼마나 어렵나요?,매우 쉽게 구분된다,7
R16,2026-07-22,6,객관식,다음 중 한국 생활 중 이용하려다 어려움을 겪은 앱·서비스는 무엇인가요? (해당하는 것 모두 선택),"공공 서비스 앱 (행정, 세금 등)",13
R16,2026-07-22,7,객관식,생활앱 이용 시 가장 큰 장벽은 무엇이었나요?,한국 휴대폰 번호 부재,21
R16,2026-07-22,8,객관식,자신과 같은 국가 출신 사람들이 남긴 리뷰와 추천이 있다면 도움이 될 것 같으신가요?,어느 정도 도움이 될 것 같다,36
R16,2026-07-22,9,객관식,"K-뷰티 제품을 선택할 때, 당신의 피부타입(건성, 지성, 복합성 등)과 비슷한 외국인의 리뷰와 추천이 있다면 얼마나 유용할까요?",매우 유용할 것 같다,19
R16,2026-07-22,10,객관식,"한국의 K-BBQ, 카페, 쇼핑, 관광지 등을 추천받을 때, 외국인의 시각에서 작성한 리뷰나 추천을 원하시나요?",매우 원한다,14
R16,2026-07-22,11,객관식,다음 중 가장 추천 정보가 필요한 카테고리는 무엇인가요?,"관광지/문화체험 (박물관, 전시회 등)",11
R16,2026-07-22,12,객관식,GLOU의 다음 기능 중 가장 유용할 것 같은 기능은 무엇인가요? (1순위),GLOU Mate 동행 매칭 (비슷한 관심사의 외국인과 함께 한국 경험 공유),11
R16,2026-07-22,13,객관식,위 기능들 중 2번째로 유용할 것 같은 기능은 무엇인가요?,"국적별 신뢰 리뷰 지도 (같은 나라 사람들의 리뷰로 맛집, 카페, 뷰티숍 찾기)",8
R16,2026-07-22,14,객관식,"GLOU에서 개인화된 AI 추천, 광고 없는 서비스 등 프리미엄 기능을 이용한다면, 월 구독료로 얼마까지 지불할 의향이 있으신가요?",무료로만 사용하고 싶다,5
R16,2026-07-22,15,객관식,GLOU에서 지역 앰배서더 또는 리뷰어로 활동하며 현지 정보를 공유할 의향이 있으신가요?,매우 참여하고 싶다,13
R16,2026-07-22,16,객관식,앰배서더·리뷰어 활동 시 어떤 인센티브를 가장 선호하시나요?,현금 보상,8
R16,2026-07-22,17,객관식,당신은 현재 한국에 얼마나 오래 체류하고 계신가요?,1개월 미만,4
R16,2026-07-22,18,객관식,한국에 체류하는 주된 목적은 무엇인가요?,유학,3
R16,2026-07-22,19,객관식,한국어 수준은 어느 정도 되시나요?,중급 수준 (일상 대화 가능),11
R16,2026-07-22,20,객관식,GLOU 베타 서비스에 참여하실 의향이 있으신가요?,매우 참여하고 싶다,8
R16,2026-07-22,21,주관식,"한국 생활 중 가장 어려웠던 점이나 필요했던 정보가 무엇인가요? 언제, 어떤 상황에서 겪었는지 구체적인 경험을 이야기해 주시고, 그때 어떻게 해결했는지도 함께 말씀해 주세요.","Although I have not lived in Korea yet, the most difficult part while preparing was finding reliable information about everyday life, especially banking, transportation, and immigration procedures.
For example, while researching in June 2026 for my study plans, I found that different websites and online communities often gave conflicting information about opening a bank account and obtaining an Alien Registration Card (ARC). I was unsure which steps international students needed to complete first after arriving.
To resolve this, I compared information from official government and university websites and read experiences shared by international students. By organizing the information into a checklist, I gained a clearer understanding of what documents to prepare and what to do during my first few weeks in Korea. This experience taught me the importance of verifying information through official sources and planning ahead when adapting to a new country.",105
R16,2026-07-22,22,주관식,GLOU에서 개선되었으면 하는 기능이나 콘텐츠가 있다면 자유롭게 제안해 주세요. 왜 그 기능이 필요하다고 느꼈는지 본인의 경험과 함께 말씀해 주세요.,"> I would like to see more practical, step-by-step guides for everyday life in Korea, especially for new international students. For example, information about opening a bank account, using public transportation, obtaining an Alien Registration Card (ARC), setting up a phone plan, and accessing healthcare in one place.

While preparing to study abroad, I often found information scattered across different websites and online communities. Some of the information was outdated or inconsistent, making it difficult to know which guidance was accurate. Having verified, up-to-date content within GLOU would save time, reduce confusion, and help students feel more confident during their first weeks in Korea.

I also think a FAQ section based on real experiences from international students would be valuable, as it could address common concerns that official guides may not fully explain.",30
R16,2026-07-22,23,주관식,"베타 서비스 안내를 받고 싶다면 인스타그램 계정 또는 이메일을 남겨주세요. (선택사항이며, 베타 서비스 안내 목적으로만 사용됩니다.)",I prefer not to share my contact information at this time. Thank you!,39
R16,2026-07-22,24,주관식,귀하의 국적은 어디인가요?,Indonesian,5
R16,2026-07-22,25,주관식,기타 하고 싶은 말씀이 있으시면 작성해주세요.,Thank you for creating a platform to support international students. I look forward to seeing GLOU continue to grow and become a helpful resource for students preparing to study and live in Korea. I appreciate the opportunity to share my feedback and hope it contributes to improving the service.,28
R17,2026-07-22,1,객관식,귀하의 국적은 어디인가요?,기타 아시아,3
R17,2026-07-22,2,객관식,귀하의 성별은 무엇인가요?,여성,5
R17,2026-07-22,3,객관식,귀하의 연령대는 어떻게 되시나요?,20대,4
R17,2026-07-22,4,객관식,"한국 블로그나 유튜브에서 식당, 카페, 뷰티 제품 정보를 찾을 때, 해당 리뷰나 추천이 얼마나 신뢰할 수 있다고 생각하시나요?",어느 정도 신뢰한다,10
R17,2026-07-22,5,객관식,한국 블로그나 유튜브의 콘텐츠 중에서 광고인지 솔직한 리뷰인지 구분하기가 얼마나 어렵나요?,매우 쉽게 구분된다,9
R17,2026-07-22,6,객관식,다음 중 한국 생활 중 이용하려다 어려움을 겪은 앱·서비스는 무엇인가요? (해당하는 것 모두 선택),"은행앱 (계좌 개설, 송금 등)",13
R17,2026-07-22,6,객관식,다음 중 한국 생활 중 이용하려다 어려움을 겪은 앱·서비스는 무엇인가요? (해당하는 것 모두 선택),"공공 서비스 앱 (행정, 세금 등)",0
R17,2026-07-22,6,객관식,다음 중 한국 생활 중 이용하려다 어려움을 겪은 앱·서비스는 무엇인가요? (해당하는 것 모두 선택),"예약앱 (병원, 식당, 숙소 예약 등)",0
R17,2026-07-22,7,객관식,생활앱 이용 시 가장 큰 장벽은 무엇이었나요?,복잡한 한국어 인터페이스,27
R17,2026-07-22,8,객관식,자신과 같은 국가 출신 사람들이 남긴 리뷰와 추천이 있다면 도움이 될 것 같으신가요?,매우 도움이 될 것 같다,11
R17,2026-07-22,9,객관식,"K-뷰티 제품을 선택할 때, 당신의 피부타입(건성, 지성, 복합성 등)과 비슷한 외국인의 리뷰와 추천이 있다면 얼마나 유용할까요?",매우 유용할 것 같다,14
R17,2026-07-22,10,객관식,"한국의 K-BBQ, 카페, 쇼핑, 관광지 등을 추천받을 때, 외국인의 시각에서 작성한 리뷰나 추천을 원하시나요?",보통이다,12
R17,2026-07-22,11,객관식,다음 중 가장 추천 정보가 필요한 카테고리는 무엇인가요?,모두 동등하게 필요하다,12
R17,2026-07-22,12,객관식,GLOU의 다음 기능 중 가장 유용할 것 같은 기능은 무엇인가요? (1순위),Ask GLOU AI (AI 챗봇으로 한국 생활 정보 및 추천 받기),69
R17,2026-07-22,13,객관식,위 기능들 중 2번째로 유용할 것 같은 기능은 무엇인가요?,"국적별 신뢰 리뷰 지도 (같은 나라 사람들의 리뷰로 맛집, 카페, 뷰티숍 찾기)",8
R17,2026-07-22,14,객관식,"GLOU에서 개인화된 AI 추천, 광고 없는 서비스 등 프리미엄 기능을 이용한다면, 월 구독료로 얼마까지 지불할 의향이 있으신가요?",무료로만 사용하고 싶다,9
R17,2026-07-22,15,객관식,GLOU에서 지역 앰배서더 또는 리뷰어로 활동하며 현지 정보를 공유할 의향이 있으신가요?,매우 참여하고 싶다,8
R17,2026-07-22,16,객관식,앰배서더·리뷰어 활동 시 어떤 인센티브를 가장 선호하시나요?,현금 보상,10
R17,2026-07-22,17,객관식,당신은 현재 한국에 얼마나 오래 체류하고 계신가요?,1년 이상,4
R17,2026-07-22,18,객관식,한국에 체류하는 주된 목적은 무엇인가요?,기타,6
R17,2026-07-22,19,객관식,한국어 수준은 어느 정도 되시나요?,중급 수준 (일상 대화 가능),13
R17,2026-07-22,20,객관식,GLOU 베타 서비스에 참여하실 의향이 있으신가요?,매우 참여하고 싶다,14
R17,2026-07-22,21,주관식,"한국 생활 중 가장 어려웠던 점이나 필요했던 정보가 무엇인가요? 언제, 어떤 상황에서 겪었는지 구체적인 경험을 이야기해 주시고, 그때 어떻게 해결했는지도 함께 말씀해 주세요.",So far i still struggling in talking because my korean still lacking. And somehow it made me not really confident enough to communicate. I think that’s the most difficult aspect for me living in korea. So the only way to resolve it is to study even harder. Since i don’t take any language class here and only study by myself. It’s kinda hard but i will get through it,53
R17,2026-07-22,22,주관식,GLOU에서 개선되었으면 하는 기능이나 콘텐츠가 있다면 자유롭게 제안해 주세요. 왜 그 기능이 필요하다고 느꼈는지 본인의 경험과 함께 말씀해 주세요.,Maybe more information about some locals recommendations and it must be legit information. Because i ever search this on different app and what they informed me is not accurate in reality,173
R17,2026-07-22,23,주관식,"베타 서비스 안내를 받고 싶다면 인스타그램 계정 또는 이메일을 남겨주세요. (선택사항이며, 베타 서비스 안내 목적으로만 사용됩니다.)","Instagram : heyjoojooly
email : [이메일-마스킹]",78
R17,2026-07-22,24,주관식,귀하의 국적은 어디인가요?,Indonesian,18
R17,2026-07-22,25,주관식,기타 하고 싶은 말씀이 있으시면 작성해주세요.,'-,13
R18,2026-07-22,1,객관식,귀하의 국적은 어디인가요?,일본,2
R18,2026-07-22,2,객관식,귀하의 성별은 무엇인가요?,여성,3
R18,2026-07-22,3,객관식,귀하의 연령대는 어떻게 되시나요?,20대,2
R18,2026-07-22,4,객관식,"한국 블로그나 유튜브에서 식당, 카페, 뷰티 제품 정보를 찾을 때, 해당 리뷰나 추천이 얼마나 신뢰할 수 있다고 생각하시나요?",별로 신뢰하지 않는다,9
R18,2026-07-22,5,객관식,한국 블로그나 유튜브의 콘텐츠 중에서 광고인지 솔직한 리뷰인지 구분하기가 얼마나 어렵나요?,어느 정도 구분된다,4
R18,2026-07-22,6,객관식,다음 중 한국 생활 중 이용하려다 어려움을 겪은 앱·서비스는 무엇인가요? (해당하는 것 모두 선택),"은행앱 (계좌 개설, 송금 등)",27
R18,2026-07-22,7,객관식,생활앱 이용 시 가장 큰 장벽은 무엇이었나요?,한국 휴대폰 번호 부재,4
R18,2026-07-22,8,객관식,자신과 같은 국가 출신 사람들이 남긴 리뷰와 추천이 있다면 도움이 될 것 같으신가요?,매우 도움이 될 것 같다,20
R18,2026-07-22,9,객관식,"K-뷰티 제품을 선택할 때, 당신의 피부타입(건성, 지성, 복합성 등)과 비슷한 외국인의 리뷰와 추천이 있다면 얼마나 유용할까요?",매우 유용할 것 같다,12
R18,2026-07-22,10,객관식,"한국의 K-BBQ, 카페, 쇼핑, 관광지 등을 추천받을 때, 외국인의 시각에서 작성한 리뷰나 추천을 원하시나요?",어느 정도 원한다,24
R18,2026-07-22,11,객관식,다음 중 가장 추천 정보가 필요한 카테고리는 무엇인가요?,"한식당 (한우, 삼겹살, 찌개 등)",11
R18,2026-07-22,12,객관식,GLOU의 다음 기능 중 가장 유용할 것 같은 기능은 무엇인가요? (1순위),"국적별 신뢰 리뷰 지도 (같은 나라 사람들의 리뷰로 맛집, 카페, 뷰티숍 찾기)",25
R18,2026-07-22,13,객관식,위 기능들 중 2번째로 유용할 것 같은 기능은 무엇인가요?,Ask GLOU AI (AI 챗봇으로 한국 생활 정보 및 추천 받기),7
R18,2026-07-22,14,객관식,"GLOU에서 개인화된 AI 추천, 광고 없는 서비스 등 프리미엄 기능을 이용한다면, 월 구독료로 얼마까지 지불할 의향이 있으신가요?",무료로만 사용하고 싶다,13
R18,2026-07-22,15,객관식,GLOU에서 지역 앰배서더 또는 리뷰어로 활동하며 현지 정보를 공유할 의향이 있으신가요?,매우 참여하고 싶다,41
R18,2026-07-22,16,객관식,앰배서더·리뷰어 활동 시 어떤 인센티브를 가장 선호하시나요?,현금 보상,8
R18,2026-07-22,17,객관식,당신은 현재 한국에 얼마나 오래 체류하고 계신가요?,1년 이상,4
R18,2026-07-22,18,객관식,한국에 체류하는 주된 목적은 무엇인가요?,정착/이민,7
R18,2026-07-22,19,객관식,한국어 수준은 어느 정도 되시나요?,"고급 수준 (비즈니스 대화, 문서 이해)",5
R18,2026-07-22,20,객관식,GLOU 베타 서비스에 참여하실 의향이 있으신가요?,매우 참여하고 싶다,7
R18,2026-07-22,21,주관식,"한국 생활 중 가장 어려웠던 점이나 필요했던 정보가 무엇인가요? 언제, 어떤 상황에서 겪었는지 구체적인 경험을 이야기해 주시고, 그때 어떻게 해결했는지도 함께 말씀해 주세요.","外国人登録を作っても、オンラインで登録できないことが多い
まず電話番号を登録しようとしても、銀行口座がないと作れない、だが銀行も電話番号がないと作れないと矛盾しているとき
すごく難しかった。なので韓国人の友達のを借りたりしないといけなかった",227
R18,2026-07-22,22,주관식,GLOU에서 개선되었으면 하는 기능이나 콘텐츠가 있다면 자유롭게 제안해 주세요. 왜 그 기능이 필요하다고 느꼈는지 본인의 경험과 함께 말씀해 주세요.,"韓国で生活するうえでしないといけない手順などをマニュアルのように作ってくれたら嬉しい
それに従ってすればすべてうまくいくように",230
R18,2026-07-22,23,주관식,"베타 서비스 안내를 받고 싶다면 인스타그램 계정 또는 이메일을 남겨주세요. (선택사항이며, 베타 서비스 안내 목적으로만 사용됩니다.)",インスタ　noka9.cw,207
R18,2026-07-22,24,주관식,귀하의 국적은 어디인가요?,日本,28
R18,2026-07-22,25,주관식,기타 하고 싶은 말씀이 있으시면 작성해주세요.,特になし,7
R19,2026-07-22,1,객관식,귀하의 국적은 어디인가요?,유럽,2
R19,2026-07-22,2,객관식,귀하의 성별은 무엇인가요?,여성,2
R19,2026-07-22,3,객관식,귀하의 연령대는 어떻게 되시나요?,20대,1
R19,2026-07-22,4,객관식,"한국 블로그나 유튜브에서 식당, 카페, 뷰티 제품 정보를 찾을 때, 해당 리뷰나 추천이 얼마나 신뢰할 수 있다고 생각하시나요?",어느 정도 신뢰한다,7
R19,2026-07-22,5,객관식,한국 블로그나 유튜브의 콘텐츠 중에서 광고인지 솔직한 리뷰인지 구분하기가 얼마나 어렵나요?,판단하기 어렵다,6
R19,2026-07-22,6,객관식,다음 중 한국 생활 중 이용하려다 어려움을 겪은 앱·서비스는 무엇인가요? (해당하는 것 모두 선택),"은행앱 (계좌 개설, 송금 등)",8
R19,2026-07-22,6,객관식,다음 중 한국 생활 중 이용하려다 어려움을 겪은 앱·서비스는 무엇인가요? (해당하는 것 모두 선택),"공공 서비스 앱 (행정, 세금 등)",0
R19,2026-07-22,7,객관식,생활앱 이용 시 가장 큰 장벽은 무엇이었나요?,복잡한 한국어 인터페이스,15
R19,2026-07-22,8,객관식,자신과 같은 국가 출신 사람들이 남긴 리뷰와 추천이 있다면 도움이 될 것 같으신가요?,어느 정도 도움이 될 것 같다,13
R19,2026-07-22,9,객관식,"K-뷰티 제품을 선택할 때, 당신의 피부타입(건성, 지성, 복합성 등)과 비슷한 외국인의 리뷰와 추천이 있다면 얼마나 유용할까요?",어느 정도 유용할 것 같다,10
R19,2026-07-22,10,객관식,"한국의 K-BBQ, 카페, 쇼핑, 관광지 등을 추천받을 때, 외국인의 시각에서 작성한 리뷰나 추천을 원하시나요?",보통이다,16
R19,2026-07-22,11,객관식,다음 중 가장 추천 정보가 필요한 카테고리는 무엇인가요?,"한식당 (한우, 삼겹살, 찌개 등)",8
R19,2026-07-22,12,객관식,GLOU의 다음 기능 중 가장 유용할 것 같은 기능은 무엇인가요? (1순위),K-Beauty 피부타입 추천 (본인의 피부타입에 맞는 K-뷰티 제품 추천),24
R19,2026-07-22,13,객관식,위 기능들 중 2번째로 유용할 것 같은 기능은 무엇인가요?,Ask GLOU AI (AI 챗봇으로 한국 생활 정보 및 추천 받기),10
R19,2026-07-22,14,객관식,"GLOU에서 개인화된 AI 추천, 광고 없는 서비스 등 프리미엄 기능을 이용한다면, 월 구독료로 얼마까지 지불할 의향이 있으신가요?","월 1,000원 - 3,000원",5
R19,2026-07-22,15,객관식,GLOU에서 지역 앰배서더 또는 리뷰어로 활동하며 현지 정보를 공유할 의향이 있으신가요?,별로 참여하고 싶지 않다,16
R19,2026-07-22,16,객관식,앰배서더·리뷰어 활동 시 어떤 인센티브를 가장 선호하시나요?,현금 보상,12
R19,2026-07-22,17,객관식,당신은 현재 한국에 얼마나 오래 체류하고 계신가요?,6개월 - 1년,5
R19,2026-07-22,18,객관식,한국에 체류하는 주된 목적은 무엇인가요?,유학,4
R19,2026-07-22,19,객관식,한국어 수준은 어느 정도 되시나요?,중급 수준 (일상 대화 가능),4
R19,2026-07-22,20,객관식,GLOU 베타 서비스에 참여하실 의향이 있으신가요?,잘 모르겠다,10
R19,2026-07-22,21,주관식,"한국 생활 중 가장 어려웠던 점이나 필요했던 정보가 무엇인가요? 언제, 어떤 상황에서 겪었는지 구체적인 경험을 이야기해 주시고, 그때 어떻게 해결했는지도 함께 말씀해 주세요.",I needed most help with making arc and bank accounts these ones were the hardest,16
R19,2026-07-22,22,주관식,GLOU에서 개선되었으면 하는 기능이나 콘텐츠가 있다면 자유롭게 제안해 주세요. 왜 그 기능이 필요하다고 느꼈는지 본인의 경험과 함께 말씀해 주세요.,Maybe connect people who want to go eat or to go to do some activities together with,50
R19,2026-07-22,23,주관식,"베타 서비스 안내를 받고 싶다면 인스타그램 계정 또는 이메일을 남겨주세요. (선택사항이며, 베타 서비스 안내 목적으로만 사용됩니다.)",No,67
R19,2026-07-22,24,주관식,귀하의 국적은 어디인가요?,Estonian,3
R19,2026-07-22,25,주관식,기타 하고 싶은 말씀이 있으시면 작성해주세요.,'-,18
R20,2026-07-22,1,객관식,귀하의 국적은 어디인가요?,그 외 국가,2
R20,2026-07-22,2,객관식,귀하의 성별은 무엇인가요?,여성,2
R20,2026-07-22,3,객관식,귀하의 연령대는 어떻게 되시나요?,30대,2
R20,2026-07-22,4,객관식,"한국 블로그나 유튜브에서 식당, 카페, 뷰티 제품 정보를 찾을 때, 해당 리뷰나 추천이 얼마나 신뢰할 수 있다고 생각하시나요?",별로 신뢰하지 않는다,8
R20,2026-07-22,5,객관식,한국 블로그나 유튜브의 콘텐츠 중에서 광고인지 솔직한 리뷰인지 구분하기가 얼마나 어렵나요?,어느 정도 구분된다,7
R20,2026-07-22,6,객관식,다음 중 한국 생활 중 이용하려다 어려움을 겪은 앱·서비스는 무엇인가요? (해당하는 것 모두 선택),"공공 서비스 앱 (행정, 세금 등)",8
R20,2026-07-22,6,객관식,다음 중 한국 생활 중 이용하려다 어려움을 겪은 앱·서비스는 무엇인가요? (해당하는 것 모두 선택),"배달앱 (배민, 쿠팡이츠 등)",0
R20,2026-07-22,6,객관식,다음 중 한국 생활 중 이용하려다 어려움을 겪은 앱·서비스는 무엇인가요? (해당하는 것 모두 선택),"쇼핑앱 (쿠팡, 네이버 쇼핑 등)",0
R20,2026-07-22,7,객관식,생활앱 이용 시 가장 큰 장벽은 무엇이었나요?,"본인인증(공인인증서, 생체인증 등) 불가",37
R20,2026-07-22,8,객관식,자신과 같은 국가 출신 사람들이 남긴 리뷰와 추천이 있다면 도움이 될 것 같으신가요?,보통이다,18
R20,2026-07-22,9,객관식,"K-뷰티 제품을 선택할 때, 당신의 피부타입(건성, 지성, 복합성 등)과 비슷한 외국인의 리뷰와 추천이 있다면 얼마나 유용할까요?",어느 정도 유용할 것 같다,13
R20,2026-07-22,10,객관식,"한국의 K-BBQ, 카페, 쇼핑, 관광지 등을 추천받을 때, 외국인의 시각에서 작성한 리뷰나 추천을 원하시나요?",어느 정도 원한다,20
R20,2026-07-22,11,객관식,다음 중 가장 추천 정보가 필요한 카테고리는 무엇인가요?,"한식당 (한우, 삼겹살, 찌개 등)",11
R20,2026-07-22,12,객관식,GLOU의 다음 기능 중 가장 유용할 것 같은 기능은 무엇인가요? (1순위),"국적별 신뢰 리뷰 지도 (같은 나라 사람들의 리뷰로 맛집, 카페, 뷰티숍 찾기)",19
R20,2026-07-22,13,객관식,위 기능들 중 2번째로 유용할 것 같은 기능은 무엇인가요?,K-Beauty 피부타입 추천 (본인의 피부타입에 맞는 K-뷰티 제품 추천),40
R20,2026-07-22,14,객관식,"GLOU에서 개인화된 AI 추천, 광고 없는 서비스 등 프리미엄 기능을 이용한다면, 월 구독료로 얼마까지 지불할 의향이 있으신가요?",무료로만 사용하고 싶다,22
R20,2026-07-22,15,객관식,GLOU에서 지역 앰배서더 또는 리뷰어로 활동하며 현지 정보를 공유할 의향이 있으신가요?,잘 모르겠다,16
R20,2026-07-22,16,객관식,앰배서더·리뷰어 활동 시 어떤 인센티브를 가장 선호하시나요?,현금 보상,9
R20,2026-07-22,17,객관식,당신은 현재 한국에 얼마나 오래 체류하고 계신가요?,1년 이상,5
R20,2026-07-22,18,객관식,한국에 체류하는 주된 목적은 무엇인가요?,출장/일,4
R20,2026-07-22,19,객관식,한국어 수준은 어느 정도 되시나요?,"고급 수준 (비즈니스 대화, 문서 이해)",15
R20,2026-07-22,20,객관식,GLOU 베타 서비스에 참여하실 의향이 있으신가요?,어느 정도 참여할 의향이 있다,8
R20,2026-07-22,21,주관식,"한국 생활 중 가장 어려웠던 점이나 필요했던 정보가 무엇인가요? 언제, 어떤 상황에서 겪었는지 구체적인 경험을 이야기해 주시고, 그때 어떻게 해결했는지도 함께 말씀해 주세요.",Before I came Korea I couldn't order anything from Coupang so I asked my friend who already lives here,18
R20,2026-07-22,22,주관식,GLOU에서 개선되었으면 하는 기능이나 콘텐츠가 있다면 자유롭게 제안해 주세요. 왜 그 기능이 필요하다고 느꼈는지 본인의 경험과 함께 말씀해 주세요.,I actually don't care about people from my hometown or not. Just want to find authentic western food. Not Koreanized some fusion foods,51
R20,2026-07-22,23,주관식,"베타 서비스 안내를 받고 싶다면 인스타그램 계정 또는 이메일을 남겨주세요. (선택사항이며, 베타 서비스 안내 목적으로만 사용됩니다.)",'@jallae__,47
R20,2026-07-22,24,주관식,귀하의 국적은 어디인가요?,Azerbaijan,8
R20,2026-07-22,25,주관식,기타 하고 싶은 말씀이 있으시면 작성해주세요.,Good luck!,7
R21,2026-07-24,1,객관식,귀하의 국적은 어디인가요?,기타 아시아,8
R21,2026-07-24,2,객관식,귀하의 성별은 무엇인가요?,남성,3
R21,2026-07-24,3,객관식,귀하의 연령대는 어떻게 되시나요?,20대,3
R21,2026-07-24,4,객관식,"한국 블로그나 유튜브에서 식당, 카페, 뷰티 제품 정보를 찾을 때, 해당 리뷰나 추천이 얼마나 신뢰할 수 있다고 생각하시나요?",어느 정도 신뢰한다,9
R21,2026-07-24,5,객관식,한국 블로그나 유튜브의 콘텐츠 중에서 광고인지 솔직한 리뷰인지 구분하기가 얼마나 어렵나요?,어느 정도 구분된다,11
R21,2026-07-24,6,객관식,다음 중 한국 생활 중 이용하려다 어려움을 겪은 앱·서비스는 무엇인가요? (해당하는 것 모두 선택),어려움을 겪지 않았다,21
R21,2026-07-24,7,객관식,생활앱 이용 시 가장 큰 장벽은 무엇이었나요?,복잡한 한국어 인터페이스,9
R21,2026-07-24,8,객관식,자신과 같은 국가 출신 사람들이 남긴 리뷰와 추천이 있다면 도움이 될 것 같으신가요?,매우 도움이 될 것 같다,10
R21,2026-07-24,9,객관식,"K-뷰티 제품을 선택할 때, 당신의 피부타입(건성, 지성, 복합성 등)과 비슷한 외국인의 리뷰와 추천이 있다면 얼마나 유용할까요?",매우 유용할 것 같다,9
R21,2026-07-24,10,객관식,"한국의 K-BBQ, 카페, 쇼핑, 관광지 등을 추천받을 때, 외국인의 시각에서 작성한 리뷰나 추천을 원하시나요?",매우 원한다,9
R21,2026-07-24,11,객관식,다음 중 가장 추천 정보가 필요한 카테고리는 무엇인가요?,"한식당 (한우, 삼겹살, 찌개 등)",9
R21,2026-07-24,12,객관식,GLOU의 다음 기능 중 가장 유용할 것 같은 기능은 무엇인가요? (1순위),"국적별 신뢰 리뷰 지도 (같은 나라 사람들의 리뷰로 맛집, 카페, 뷰티숍 찾기)",19
R21,2026-07-24,13,객관식,위 기능들 중 2번째로 유용할 것 같은 기능은 무엇인가요?,Ask GLOU AI (AI 챗봇으로 한국 생활 정보 및 추천 받기),11
R21,2026-07-24,14,객관식,"GLOU에서 개인화된 AI 추천, 광고 없는 서비스 등 프리미엄 기능을 이용한다면, 월 구독료로 얼마까지 지불할 의향이 있으신가요?",무료로만 사용하고 싶다,7
R21,2026-07-24,15,객관식,GLOU에서 지역 앰배서더 또는 리뷰어로 활동하며 현지 정보를 공유할 의향이 있으신가요?,잘 모르겠다,10
R21,2026-07-24,16,객관식,앰배서더·리뷰어 활동 시 어떤 인센티브를 가장 선호하시나요?,현금 보상,19
R21,2026-07-24,17,객관식,당신은 현재 한국에 얼마나 오래 체류하고 계신가요?,6개월 - 1년,6
R21,2026-07-24,18,객관식,한국에 체류하는 주된 목적은 무엇인가요?,유학,4
R21,2026-07-24,19,객관식,한국어 수준은 어느 정도 되시나요?,"초급 수준 (기본 문장 이해, 간단한 대화)",5
R21,2026-07-24,20,객관식,GLOU 베타 서비스에 참여하실 의향이 있으신가요?,잘 모르겠다,9
R21,2026-07-24,21,주관식,"한국 생활 중 가장 어려웠던 점이나 필요했던 정보가 무엇인가요? 언제, 어떤 상황에서 겪었는지 구체적인 경험을 이야기해 주시고, 그때 어떻게 해결했는지도 함께 말씀해 주세요.","As a Muslim, the problem I face is finding halal food.",22
R21,2026-07-24,22,주관식,GLOU에서 개선되었으면 하는 기능이나 콘텐츠가 있다면 자유롭게 제안해 주세요. 왜 그 기능이 필요하다고 느꼈는지 본인의 경험과 함께 말씀해 주세요.,hope this app will have some sections that show halal recommendation.,23
R21,2026-07-24,23,주관식,"베타 서비스 안내를 받고 싶다면 인스타그램 계정 또는 이메일을 남겨주세요. (선택사항이며, 베타 서비스 안내 목적으로만 사용됩니다.)",'-,39
R21,2026-07-24,24,주관식,귀하의 국적은 어디인가요?,Indonesia,5
R21,2026-07-24,25,주관식,기타 하고 싶은 말씀이 있으시면 작성해주세요.,'-,9
R22,2026-07-24,1,객관식,귀하의 국적은 어디인가요?,그 외 국가,3
R22,2026-07-24,2,객관식,귀하의 성별은 무엇인가요?,여성,4
R22,2026-07-24,3,객관식,귀하의 연령대는 어떻게 되시나요?,20대,2
R22,2026-07-24,4,객관식,"한국 블로그나 유튜브에서 식당, 카페, 뷰티 제품 정보를 찾을 때, 해당 리뷰나 추천이 얼마나 신뢰할 수 있다고 생각하시나요?",어느 정도 신뢰한다,10
R22,2026-07-24,5,객관식,한국 블로그나 유튜브의 콘텐츠 중에서 광고인지 솔직한 리뷰인지 구분하기가 얼마나 어렵나요?,어느 정도 구분된다,10
R22,2026-07-24,6,객관식,다음 중 한국 생활 중 이용하려다 어려움을 겪은 앱·서비스는 무엇인가요? (해당하는 것 모두 선택),"배달앱 (배민, 쿠팡이츠 등)",9
R22,2026-07-24,7,객관식,생활앱 이용 시 가장 큰 장벽은 무엇이었나요?,복잡한 한국어 인터페이스,16
R22,2026-07-24,8,객관식,자신과 같은 국가 출신 사람들이 남긴 리뷰와 추천이 있다면 도움이 될 것 같으신가요?,어느 정도 도움이 될 것 같다,12
R22,2026-07-24,9,객관식,"K-뷰티 제품을 선택할 때, 당신의 피부타입(건성, 지성, 복합성 등)과 비슷한 외국인의 리뷰와 추천이 있다면 얼마나 유용할까요?",보통이다,15
R22,2026-07-24,10,객관식,"한국의 K-BBQ, 카페, 쇼핑, 관광지 등을 추천받을 때, 외국인의 시각에서 작성한 리뷰나 추천을 원하시나요?",매우 원한다,19
R22,2026-07-24,11,객관식,다음 중 가장 추천 정보가 필요한 카테고리는 무엇인가요?,"관광지/문화체험 (박물관, 전시회 등)",7
R22,2026-07-24,12,객관식,GLOU의 다음 기능 중 가장 유용할 것 같은 기능은 무엇인가요? (1순위),Ask GLOU AI (AI 챗봇으로 한국 생활 정보 및 추천 받기),26
R22,2026-07-24,13,객관식,위 기능들 중 2번째로 유용할 것 같은 기능은 무엇인가요?,GLOU Mate 동행 매칭 (비슷한 관심사의 외국인과 함께 한국 경험 공유),15
R22,2026-07-24,14,객관식,"GLOU에서 개인화된 AI 추천, 광고 없는 서비스 등 프리미엄 기능을 이용한다면, 월 구독료로 얼마까지 지불할 의향이 있으신가요?","월 3,000원 - 5,000원",27
R22,2026-07-24,15,객관식,GLOU에서 지역 앰배서더 또는 리뷰어로 활동하며 현지 정보를 공유할 의향이 있으신가요?,어느 정도 참여할 의향이 있다,6
R22,2026-07-24,16,객관식,앰배서더·리뷰어 활동 시 어떤 인센티브를 가장 선호하시나요?,"경험 이벤트 초대 (신제품 런칭, 투어 등)",13
R22,2026-07-24,17,객관식,당신은 현재 한국에 얼마나 오래 체류하고 계신가요?,1년 이상,5
R22,2026-07-24,18,객관식,한국에 체류하는 주된 목적은 무엇인가요?,유학,5
R22,2026-07-24,19,객관식,한국어 수준은 어느 정도 되시나요?,"기초 수준 (간단한 인사, 숫자 등)",5
R22,2026-07-24,20,객관식,GLOU 베타 서비스에 참여하실 의향이 있으신가요?,어느 정도 참여할 의향이 있다,6
R22,2026-07-24,21,주관식,"한국 생활 중 가장 어려웠던 점이나 필요했던 정보가 무엇인가요? 언제, 어떤 상황에서 겪었는지 구체적인 경험을 이야기해 주시고, 그때 어떻게 해결했는지도 함께 말씀해 주세요.",In fact I think the biggest issue for as for a person who doesn’t speak Korean very well is solving my questions in government organizations. For example when I had to change my address at immigration it was hard to explain my particular case and do what I was supposed to do. I know if I could speak the language better it wouldn’t be that hard. The only think I did to resolve it was using a Google Translate,13
R22,2026-07-24,22,주관식,GLOU에서 개선되었으면 하는 기능이나 콘텐츠가 있다면 자유롭게 제안해 주세요. 왜 그 기능이 필요하다고 느꼈는지 본인의 경험과 함께 말씀해 주세요.,It would be nice if there was a chat with AI where I could easily translate everything and support a conversation with a person. And especially if the translation was correct and narrow enough,122
R22,2026-07-24,23,주관식,"베타 서비스 안내를 받고 싶다면 인스타그램 계정 또는 이메일을 남겨주세요. (선택사항이며, 베타 서비스 안내 목적으로만 사용됩니다.)",'@altar_lyubvi,70
R22,2026-07-24,24,주관식,귀하의 국적은 어디인가요?,Kazakhstan,20
R22,2026-07-24,25,주관식,기타 하고 싶은 말씀이 있으시면 작성해주세요.,I don’t think there’s something I would like to add😅,7
R23,2026-07-25,1,객관식,귀하의 국적은 어디인가요?,기타 아시아,3
R23,2026-07-25,2,객관식,귀하의 성별은 무엇인가요?,여성,4
R23,2026-07-25,3,객관식,귀하의 연령대는 어떻게 되시나요?,20대,3
R23,2026-07-25,4,객관식,"한국 블로그나 유튜브에서 식당, 카페, 뷰티 제품 정보를 찾을 때, 해당 리뷰나 추천이 얼마나 신뢰할 수 있다고 생각하시나요?",어느 정도 신뢰한다,16
R23,2026-07-25,5,객관식,한국 블로그나 유튜브의 콘텐츠 중에서 광고인지 솔직한 리뷰인지 구분하기가 얼마나 어렵나요?,어느 정도 구분된다,10
R23,2026-07-25,6,객관식,다음 중 한국 생활 중 이용하려다 어려움을 겪은 앱·서비스는 무엇인가요? (해당하는 것 모두 선택),"공공 서비스 앱 (행정, 세금 등)",10
R23,2026-07-25,6,객관식,다음 중 한국 생활 중 이용하려다 어려움을 겪은 앱·서비스는 무엇인가요? (해당하는 것 모두 선택),"은행앱 (계좌 개설, 송금 등)",0
R23,2026-07-25,7,객관식,생활앱 이용 시 가장 큰 장벽은 무엇이었나요?,"본인인증(공인인증서, 생체인증 등) 불가",13
R23,2026-07-25,8,객관식,자신과 같은 국가 출신 사람들이 남긴 리뷰와 추천이 있다면 도움이 될 것 같으신가요?,어느 정도 도움이 될 것 같다,20
R23,2026-07-25,9,객관식,"K-뷰티 제품을 선택할 때, 당신의 피부타입(건성, 지성, 복합성 등)과 비슷한 외국인의 리뷰와 추천이 있다면 얼마나 유용할까요?",어느 정도 유용할 것 같다,13
R23,2026-07-25,10,객관식,"한국의 K-BBQ, 카페, 쇼핑, 관광지 등을 추천받을 때, 외국인의 시각에서 작성한 리뷰나 추천을 원하시나요?",어느 정도 원한다,15
R23,2026-07-25,11,객관식,다음 중 가장 추천 정보가 필요한 카테고리는 무엇인가요?,모두 동등하게 필요하다,6
R23,2026-07-25,12,객관식,GLOU의 다음 기능 중 가장 유용할 것 같은 기능은 무엇인가요? (1순위),GLOU Mate 동행 매칭 (비슷한 관심사의 외국인과 함께 한국 경험 공유),22
R23,2026-07-25,13,객관식,위 기능들 중 2번째로 유용할 것 같은 기능은 무엇인가요?,GLOU Mate 동행 매칭 (비슷한 관심사의 외국인과 함께 한국 경험 공유),4
R23,2026-07-25,14,객관식,"GLOU에서 개인화된 AI 추천, 광고 없는 서비스 등 프리미엄 기능을 이용한다면, 월 구독료로 얼마까지 지불할 의향이 있으신가요?",무료로만 사용하고 싶다,6
R23,2026-07-25,15,객관식,GLOU에서 지역 앰배서더 또는 리뷰어로 활동하며 현지 정보를 공유할 의향이 있으신가요?,잘 모르겠다,9
R23,2026-07-25,16,객관식,앰배서더·리뷰어 활동 시 어떤 인센티브를 가장 선호하시나요?,한국 브랜드 상품 제공,11
R23,2026-07-25,17,객관식,당신은 현재 한국에 얼마나 오래 체류하고 계신가요?,1년 이상,11
R23,2026-07-25,18,객관식,한국에 체류하는 주된 목적은 무엇인가요?,유학,3
R23,2026-07-25,19,객관식,한국어 수준은 어느 정도 되시나요?,중급 수준 (일상 대화 가능),11
R23,2026-07-25,20,객관식,GLOU 베타 서비스에 참여하실 의향이 있으신가요?,어느 정도 참여할 의향이 있다,13
R23,2026-07-25,21,주관식,"한국 생활 중 가장 어려웠던 점이나 필요했던 정보가 무엇인가요? 언제, 어떤 상황에서 겪었는지 구체적인 경험을 이야기해 주시고, 그때 어떻게 해결했는지도 함께 말씀해 주세요.",When I have to deal with visa related process. It’s complicated and the website is hard to use so I normally call the call center to ask for information,45
R23,2026-07-25,22,주관식,GLOU에서 개선되었으면 하는 기능이나 콘텐츠가 있다면 자유롭게 제안해 주세요. 왜 그 기능이 필요하다고 느꼈는지 본인의 경험과 함께 말씀해 주세요.,I like to have a information sheet for the visa things in Korea because it is so difficult right now,196
R23,2026-07-25,23,주관식,"베타 서비스 안내를 받고 싶다면 인스타그램 계정 또는 이메일을 남겨주세요. (선택사항이며, 베타 서비스 안내 목적으로만 사용됩니다.)",'-,79
R23,2026-07-25,24,주관식,귀하의 국적은 어디인가요?,Thai,5
R23,2026-07-25,25,주관식,기타 하고 싶은 말씀이 있으시면 작성해주세요.,Thank you for your attention to improve foreigners lives in Korea,13
R24,2026-07-25,1,객관식,귀하의 국적은 어디인가요?,중국,1
R24,2026-07-25,2,객관식,귀하의 성별은 무엇인가요?,여성,1
R24,2026-07-25,3,객관식,귀하의 연령대는 어떻게 되시나요?,30대,1
R24,2026-07-25,4,객관식,"한국 블로그나 유튜브에서 식당, 카페, 뷰티 제품 정보를 찾을 때, 해당 리뷰나 추천이 얼마나 신뢰할 수 있다고 생각하시나요?",어느 정도 신뢰한다,1
R24,2026-07-25,5,객관식,한국 블로그나 유튜브의 콘텐츠 중에서 광고인지 솔직한 리뷰인지 구분하기가 얼마나 어렵나요?,매우 쉽게 구분된다,1
R24,2026-07-25,6,객관식,다음 중 한국 생활 중 이용하려다 어려움을 겪은 앱·서비스는 무엇인가요? (해당하는 것 모두 선택),"은행앱 (계좌 개설, 송금 등)",1
R24,2026-07-25,6,객관식,다음 중 한국 생활 중 이용하려다 어려움을 겪은 앱·서비스는 무엇인가요? (해당하는 것 모두 선택),"배달앱 (배민, 쿠팡이츠 등)",0
R24,2026-07-25,7,객관식,생활앱 이용 시 가장 큰 장벽은 무엇이었나요?,여러 장벽이 복합적으로 작용했다,2
R24,2026-07-25,8,객관식,자신과 같은 국가 출신 사람들이 남긴 리뷰와 추천이 있다면 도움이 될 것 같으신가요?,어느 정도 도움이 될 것 같다,7
R24,2026-07-25,9,객관식,"K-뷰티 제품을 선택할 때, 당신의 피부타입(건성, 지성, 복합성 등)과 비슷한 외국인의 리뷰와 추천이 있다면 얼마나 유용할까요?",어느 정도 유용할 것 같다,1
R24,2026-07-25,10,객관식,"한국의 K-BBQ, 카페, 쇼핑, 관광지 등을 추천받을 때, 외국인의 시각에서 작성한 리뷰나 추천을 원하시나요?",어느 정도 원한다,1
R24,2026-07-25,11,객관식,다음 중 가장 추천 정보가 필요한 카테고리는 무엇인가요?,"카페 (커피숍, 디저트 카페)",1
R24,2026-07-25,12,객관식,GLOU의 다음 기능 중 가장 유용할 것 같은 기능은 무엇인가요? (1순위),Ask GLOU AI (AI 챗봇으로 한국 생활 정보 및 추천 받기),1
R24,2026-07-25,13,객관식,위 기능들 중 2번째로 유용할 것 같은 기능은 무엇인가요?,"국적별 신뢰 리뷰 지도 (같은 나라 사람들의 리뷰로 맛집, 카페, 뷰티숍 찾기)",1
R24,2026-07-25,14,객관식,"GLOU에서 개인화된 AI 추천, 광고 없는 서비스 등 프리미엄 기능을 이용한다면, 월 구독료로 얼마까지 지불할 의향이 있으신가요?","월 3,000원 - 5,000원",1
R24,2026-07-25,15,객관식,GLOU에서 지역 앰배서더 또는 리뷰어로 활동하며 현지 정보를 공유할 의향이 있으신가요?,어느 정도 참여할 의향이 있다,2
R24,2026-07-25,16,객관식,앰배서더·리뷰어 활동 시 어떤 인센티브를 가장 선호하시나요?,포인트 적립 (앱 내 사용),1
R24,2026-07-25,17,객관식,당신은 현재 한국에 얼마나 오래 체류하고 계신가요?,1년 이상,1
R24,2026-07-25,18,객관식,한국에 체류하는 주된 목적은 무엇인가요?,유학,3
R24,2026-07-25,19,객관식,한국어 수준은 어느 정도 되시나요?,"고급 수준 (비즈니스 대화, 문서 이해)",5
R24,2026-07-25,20,객관식,GLOU 베타 서비스에 참여하실 의향이 있으신가요?,어느 정도 참여할 의향이 있다,1
R24,2026-07-25,21,주관식,"한국 생활 중 가장 어려웠던 점이나 필요했던 정보가 무엇인가요? 언제, 어떤 상황에서 겪었는지 구체적인 경험을 이야기해 주시고, 그때 어떻게 해결했는지도 함께 말씀해 주세요.",还是租房子方面的问题，我觉得住房是有很大的问题，怕自己遇到诈骗。,18
R24,2026-07-25,22,주관식,GLOU에서 개선되었으면 하는 기능이나 콘텐츠가 있다면 자유롭게 제안해 주세요. 왜 그 기능이 필요하다고 느꼈는지 본인의 경험과 함께 말씀해 주세요.,嗯，没有什么需要改进的。,9
R24,2026-07-25,23,주관식,"베타 서비스 안내를 받고 싶다면 인스타그램 계정 또는 이메일을 남겨주세요. (선택사항이며, 베타 서비스 안내 목적으로만 사용됩니다.)",好的，谢谢。,8
R24,2026-07-25,24,주관식,귀하의 국적은 어디인가요?,中国,5
R24,2026-07-25,25,주관식,기타 하고 싶은 말씀이 있으시면 작성해주세요.,没有，谢谢。,6
R25,2026-07-25,1,객관식,귀하의 국적은 어디인가요?,중국,1
R25,2026-07-25,2,객관식,귀하의 성별은 무엇인가요?,남성,1
R25,2026-07-25,3,객관식,귀하의 연령대는 어떻게 되시나요?,20대,1
R25,2026-07-25,4,객관식,"한국 블로그나 유튜브에서 식당, 카페, 뷰티 제품 정보를 찾을 때, 해당 리뷰나 추천이 얼마나 신뢰할 수 있다고 생각하시나요?",어느 정도 신뢰한다,3
R25,2026-07-25,5,객관식,한국 블로그나 유튜브의 콘텐츠 중에서 광고인지 솔직한 리뷰인지 구분하기가 얼마나 어렵나요?,판단하기 어렵다,10
R25,2026-07-25,6,객관식,다음 중 한국 생활 중 이용하려다 어려움을 겪은 앱·서비스는 무엇인가요? (해당하는 것 모두 선택),"배달앱 (배민, 쿠팡이츠 등)",47
R25,2026-07-25,7,객관식,생활앱 이용 시 가장 큰 장벽은 무엇이었나요?,"본인인증(공인인증서, 생체인증 등) 불가",5
R25,2026-07-25,8,객관식,자신과 같은 국가 출신 사람들이 남긴 리뷰와 추천이 있다면 도움이 될 것 같으신가요?,매우 도움이 될 것 같다,37
R25,2026-07-25,9,객관식,"K-뷰티 제품을 선택할 때, 당신의 피부타입(건성, 지성, 복합성 등)과 비슷한 외국인의 리뷰와 추천이 있다면 얼마나 유용할까요?",어느 정도 유용할 것 같다,7
R25,2026-07-25,10,객관식,"한국의 K-BBQ, 카페, 쇼핑, 관광지 등을 추천받을 때, 외국인의 시각에서 작성한 리뷰나 추천을 원하시나요?",매우 원한다,3
R25,2026-07-25,11,객관식,다음 중 가장 추천 정보가 필요한 카테고리는 무엇인가요?,"관광지/문화체험 (박물관, 전시회 등)",2
R25,2026-07-25,12,객관식,GLOU의 다음 기능 중 가장 유용할 것 같은 기능은 무엇인가요? (1순위),"국적별 신뢰 리뷰 지도 (같은 나라 사람들의 리뷰로 맛집, 카페, 뷰티숍 찾기)",8
R25,2026-07-25,13,객관식,위 기능들 중 2번째로 유용할 것 같은 기능은 무엇인가요?,GLOU Mate 동행 매칭 (비슷한 관심사의 외국인과 함께 한국 경험 공유),23
R25,2026-07-25,14,객관식,"GLOU에서 개인화된 AI 추천, 광고 없는 서비스 등 프리미엄 기능을 이용한다면, 월 구독료로 얼마까지 지불할 의향이 있으신가요?",무료로만 사용하고 싶다,3
R25,2026-07-25,15,객관식,GLOU에서 지역 앰배서더 또는 리뷰어로 활동하며 현지 정보를 공유할 의향이 있으신가요?,매우 참여하고 싶다,8
R25,2026-07-25,16,객관식,앰배서더·리뷰어 활동 시 어떤 인센티브를 가장 선호하시나요?,현금 보상,3
R25,2026-07-25,17,객관식,당신은 현재 한국에 얼마나 오래 체류하고 계신가요?,1년 이상,3
R25,2026-07-25,18,객관식,한국에 체류하는 주된 목적은 무엇인가요?,유학,1
R25,2026-07-25,19,객관식,한국어 수준은 어느 정도 되시나요?,"고급 수준 (비즈니스 대화, 문서 이해)",4
R25,2026-07-25,20,객관식,GLOU 베타 서비스에 참여하실 의향이 있으신가요?,어느 정도 참여할 의향이 있다,3
R25,2026-07-25,21,주관식,"한국 생활 중 가장 어려웠던 점이나 필요했던 정보가 무엇인가요? 언제, 어떤 상황에서 겪었는지 구체적인 경험을 이야기해 주시고, 그때 어떻게 해결했는지도 함께 말씀해 주세요.",和官方有关的信息吧，外国人租房现在都需要转入申告和地址变更，2025年6月，在韩国租房，但是又面临放假回国，怕来不及转入申告，就在网上搜相关内容，获取信息，最后打了1345电话和直接去居民中心问，得到了解决。,63
R25,2026-07-25,22,주관식,GLOU에서 개선되었으면 하는 기능이나 콘텐츠가 있다면 자유롭게 제안해 주세요. 왜 그 기능이 필요하다고 느꼈는지 본인의 경험과 함께 말씀해 주세요.,好的,242
R25,2026-07-25,23,주관식,"베타 서비스 안내를 받고 싶다면 인스타그램 계정 또는 이메일을 남겨주세요. (선택사항이며, 베타 서비스 안내 목적으로만 사용됩니다.)",Instagram : Yey_995,15
R25,2026-07-25,24,주관식,귀하의 국적은 어디인가요?,中国,11
R25,2026-07-25,25,주관식,기타 하고 싶은 말씀이 있으시면 작성해주세요.,无,10
